#ifndef MODEL_DATA_H
#define MODEL_DATA_H

#include <cstdint>

alignas(16) const unsigned char model_data[] = {
  0x1c, 0x00, 0x00, 0x00, 0x54, 0x46, 0x4c, 0x33, 0x14, 0x00, 0x20, 0x00,
  0x1c, 0x00, 0x18, 0x00, 0x14, 0x00, 0x10, 0x00, 0x0c, 0x00, 0x00, 0x00,
  0x08, 0x00, 0x04, 0x00, 0x14, 0x00, 0x00, 0x00, 0x1c, 0x00, 0x00, 0x00,
  0x80, 0x00, 0x00, 0x00, 0xd8, 0x00, 0x00, 0x00, 0x9c, 0x1b, 0x00, 0x00,
  0xac, 0x1b, 0x00, 0x00, 0x00, 0x47, 0x00, 0x00, 0x03, 0x00, 0x00, 0x00,
  0x01, 0x00, 0x00, 0x00, 0x04, 0x00, 0x00, 0x00, 0x06, 0xe4, 0xff, 0xff,
  0x0c, 0x00, 0x00, 0x00, 0x1c, 0x00, 0x00, 0x00, 0x38, 0x00, 0x00, 0x00,
  0x0f, 0x00, 0x00, 0x00, 0x73, 0x65, 0x72, 0x76, 0x69, 0x6e, 0x67, 0x5f,
  0x64, 0x65, 0x66, 0x61, 0x75, 0x6c, 0x74, 0x00, 0x01, 0x00, 0x00, 0x00,
  0x04, 0x00, 0x00, 0x00, 0x9c, 0xff, 0xff, 0xff, 0x15, 0x00, 0x00, 0x00,
  0x04, 0x00, 0x00, 0x00, 0x07, 0x00, 0x00, 0x00, 0x73, 0x69, 0x67, 0x6d,
  0x6f, 0x69, 0x64, 0x00, 0x01, 0x00, 0x00, 0x00, 0x04, 0x00, 0x00, 0x00,
  0xea, 0xe4, 0xff, 0xff, 0x04, 0x00, 0x00, 0x00, 0x05, 0x00, 0x00, 0x00,
  0x69, 0x6e, 0x70, 0x75, 0x74, 0x00, 0x00, 0x00, 0x02, 0x00, 0x00, 0x00,
  0x34, 0x00, 0x00, 0x00, 0x04, 0x00, 0x00, 0x00, 0xdc, 0xff, 0xff, 0xff,
  0x18, 0x00, 0x00, 0x00, 0x04, 0x00, 0x00, 0x00, 0x13, 0x00, 0x00, 0x00,
  0x43, 0x4f, 0x4e, 0x56, 0x45, 0x52, 0x53, 0x49, 0x4f, 0x4e, 0x5f, 0x4d,
  0x45, 0x54, 0x41, 0x44, 0x41, 0x54, 0x41, 0x00, 0x08, 0x00, 0x0c, 0x00,
  0x08, 0x00, 0x04, 0x00, 0x08, 0x00, 0x00, 0x00, 0x17, 0x00, 0x00, 0x00,
  0x04, 0x00, 0x00, 0x00, 0x13, 0x00, 0x00, 0x00, 0x6d, 0x69, 0x6e, 0x5f,
  0x72, 0x75, 0x6e, 0x74, 0x69, 0x6d, 0x65, 0x5f, 0x76, 0x65, 0x72, 0x73,
  0x69, 0x6f, 0x6e, 0x00, 0x19, 0x00, 0x00, 0x00, 0xc0, 0x1a, 0x00, 0x00,
  0xb8, 0x1a, 0x00, 0x00, 0xa0, 0x1a, 0x00, 0x00, 0x84, 0x1a, 0x00, 0x00,
  0xf4, 0x19, 0x00, 0x00, 0xe4, 0x17, 0x00, 0x00, 0xd4, 0x07, 0x00, 0x00,
  0x44, 0x07, 0x00, 0x00, 0x14, 0x06, 0x00, 0x00, 0x84, 0x05, 0x00, 0x00,
  0x54, 0x04, 0x00, 0x00, 0xc4, 0x03, 0x00, 0x00, 0x94, 0x02, 0x00, 0x00,
  0x04, 0x02, 0x00, 0x00, 0xd4, 0x00, 0x00, 0x00, 0xcc, 0x00, 0x00, 0x00,
  0xc4, 0x00, 0x00, 0x00, 0xbc, 0x00, 0x00, 0x00, 0xb4, 0x00, 0x00, 0x00,
  0xac, 0x00, 0x00, 0x00, 0xa4, 0x00, 0x00, 0x00, 0x9c, 0x00, 0x00, 0x00,
  0x94, 0x00, 0x00, 0x00, 0x74, 0x00, 0x00, 0x00, 0x04, 0x00, 0x00, 0x00,
  0xc2, 0xe5, 0xff, 0xff, 0x04, 0x00, 0x00, 0x00, 0x60, 0x00, 0x00, 0x00,
  0x0c, 0x00, 0x00, 0x00, 0x08, 0x00, 0x0e, 0x00, 0x08, 0x00, 0x04, 0x00,
  0x08, 0x00, 0x00, 0x00, 0x10, 0x00, 0x00, 0x00, 0x28, 0x00, 0x00, 0x00,
  0x00, 0x00, 0x06, 0x00, 0x08, 0x00, 0x04, 0x00, 0x06, 0x00, 0x00, 0x00,
  0x04, 0x00, 0x00, 0x00, 0x01, 0x00, 0x00, 0x00, 0xeb, 0x03, 0x00, 0x00,
  0x0c, 0x00, 0x18, 0x00, 0x14, 0x00, 0x10, 0x00, 0x0c, 0x00, 0x04, 0x00,
  0x0c, 0x00, 0x00, 0x00, 0x43, 0x59, 0xc1, 0xd5, 0x1e, 0xc8, 0x85, 0x93,
  0x02, 0x00, 0x00, 0x00, 0x02, 0x00, 0x00, 0x00, 0x04, 0x00, 0x00, 0x00,
  0x06, 0x00, 0x00, 0x00, 0x32, 0x2e, 0x32, 0x31, 0x2e, 0x30, 0x00, 0x00,
  0x2e, 0xe6, 0xff, 0xff, 0x04, 0x00, 0x00, 0x00, 0x10, 0x00, 0x00, 0x00,
  0x31, 0x2e, 0x31, 0x34, 0x2e, 0x30, 0x00, 0x00, 0x00, 0x00, 0x00, 0x00,
  0x00, 0x00, 0x00, 0x00, 0xa8, 0xbb, 0xff, 0xff, 0xac, 0xbb, 0xff, 0xff,
  0xb0, 0xbb, 0xff, 0xff, 0xb4, 0xbb, 0xff, 0xff, 0xb8, 0xbb, 0xff, 0xff,
  0xbc, 0xbb, 0xff, 0xff, 0xc0, 0xbb, 0xff, 0xff, 0xc4, 0xbb, 0xff, 0xff,
  0x6a, 0xe6, 0xff, 0xff, 0x04, 0x00, 0x00, 0x00, 0x20, 0x01, 0x00, 0x00,
  0xfd, 0xfc, 0x0f, 0x03, 0xfc, 0xcb, 0xfe, 0xfd, 0x81, 0x7f, 0x0d, 0x0c,
  0x6e, 0xbf, 0xc8, 0x4d, 0x0c, 0x1d, 0x08, 0x3f, 0xf3, 0x40, 0x7f, 0x04,
  0x26, 0x1d, 0x40, 0x01, 0x0d, 0xd2, 0x04, 0x18, 0xa2, 0x2d, 0xff, 0x81,
  0x81, 0xe1, 0x0f, 0x8f, 0xae, 0xd4, 0x11, 0xb1, 0xd5, 0x2a, 0xc7, 0xa6,
  0x2d, 0xe9, 0xca, 0x7f, 0xc3, 0x1f, 0x7f, 0x60, 0x29, 0x41, 0x45, 0x28,
  0x6a, 0x20, 0x2c, 0x81, 0x11, 0x03, 0xd6, 0xfe, 0xf0, 0x41, 0xe0, 0xf5,
  0xa3, 0xad, 0xc2, 0xc0, 0x93, 0xb4, 0x81, 0xe1, 0xa9, 0x2b, 0x0b, 0xd3,
  0x35, 0x8f, 0xbb, 0x27, 0x81, 0xed, 0xdf, 0xf2, 0xfa, 0x13, 0x06, 0x01,
  0x7f, 0x08, 0xf9, 0xf2, 0xea, 0x28, 0xd2, 0x81, 0xa8, 0x05, 0xa2, 0x8e,
  0x2a, 0xdc, 0xe9, 0x66, 0x49, 0x27, 0x24, 0x7f, 0x49, 0x22, 0x7f, 0xcf,
  0xef, 0x54, 0xe0, 0x16, 0x2e, 0xf6, 0xfa, 0x81, 0xe2, 0xe9, 0x8e, 0xc1,
  0xf1, 0xa7, 0xd4, 0xb2, 0xd0, 0xeb, 0xaa, 0xf1, 0xec, 0x9f, 0x81, 0xf7,
  0x1a, 0xc4, 0xb1, 0xa9, 0x5f, 0xd0, 0x9a, 0x7f, 0x1e, 0xb1, 0x81, 0xf0,
  0x08, 0xec, 0xec, 0x68, 0x6a, 0x14, 0xc7, 0x5c, 0xd5, 0x12, 0xe3, 0x00,
  0x2f, 0x81, 0x42, 0xa0, 0x0d, 0x1f, 0x0b, 0xb4, 0xe0, 0x7f, 0x00, 0xbd,
  0xa3, 0x83, 0x24, 0x84, 0x81, 0xe1, 0xa4, 0xbe, 0xb9, 0xf3, 0x81, 0xc4,
  0xc9, 0xdd, 0xfc, 0xf5, 0x50, 0x2c, 0x13, 0x2c, 0x1c, 0x13, 0x75, 0x7f,
  0xfb, 0x2a, 0x34, 0xd3, 0xe4, 0x4a, 0x15, 0xb0, 0x81, 0x19, 0xba, 0xb5,
  0xee, 0x81, 0xc0, 0xdc, 0x9e, 0xe4, 0xd8, 0x22, 0x1c, 0xf4, 0x7f, 0x17,
  0xcc, 0x0b, 0x12, 0xca, 0x96, 0xf2, 0xbe, 0x49, 0xd8, 0x99, 0xd0, 0x03,
  0x9b, 0x81, 0xe9, 0xcb, 0x5f, 0x0a, 0xd8, 0x7f, 0xab, 0xab, 0x76, 0xf0,
  0x7f, 0x0b, 0xf8, 0x37, 0x0c, 0xef, 0x1e, 0x6d, 0x12, 0xef, 0xbc, 0xfe,
  0xed, 0x81, 0xfe, 0x04, 0xcd, 0xfc, 0x54, 0x78, 0x47, 0x1a, 0xfd, 0xf7,
  0xb1, 0x81, 0xb5, 0x81, 0xca, 0xec, 0xfd, 0xc0, 0xf1, 0x72, 0xc6, 0x0a,
  0x96, 0xe7, 0xff, 0xff, 0x04, 0x00, 0x00, 0x00, 0x80, 0x00, 0x00, 0x00,
  0xf8, 0x00, 0x00, 0x00, 0x89, 0x06, 0x00, 0x00, 0xb9, 0x5d, 0x00, 0x00,
  0x0d, 0x0b, 0x00, 0x00, 0xae, 0x18, 0x00, 0x00, 0xcb, 0x0d, 0x00, 0x00,
  0xf3, 0x4a, 0x00, 0x00, 0xf3, 0xf7, 0xff, 0xff, 0x7d, 0x23, 0x00, 0x00,
  0xaf, 0x1e, 0x00, 0x00, 0x30, 0xfe, 0xff, 0xff, 0x7d, 0x26, 0x00, 0x00,
  0x38, 0x14, 0x00, 0x00, 0xfd, 0xf8, 0xff, 0xff, 0x3f, 0x0c, 0x00, 0x00,
  0x29, 0x13, 0x00, 0x00, 0x2e, 0x14, 0x00, 0x00, 0x21, 0x13, 0x00, 0x00,
  0x31, 0xfd, 0xff, 0xff, 0x5f, 0xfd, 0xff, 0xff, 0xb8, 0x2e, 0x00, 0x00,
  0x4c, 0x07, 0x00, 0x00, 0xe8, 0x04, 0x00, 0x00, 0x9b, 0x03, 0x00, 0x00,
  0xb0, 0xfe, 0xff, 0xff, 0xde, 0x0f, 0x00, 0x00, 0xa7, 0x02, 0x00, 0x00,
  0xd5, 0x37, 0x00, 0x00, 0x05, 0x0d, 0x00, 0x00, 0xdc, 0xfe, 0xff, 0xff,
  0x62, 0x1b, 0x00, 0x00, 0x16, 0xb9, 0x00, 0x00, 0x22, 0xe8, 0xff, 0xff,
  0x04, 0x00, 0x00, 0x00, 0x20, 0x01, 0x00, 0x00, 0xf0, 0xaa, 0x5a, 0x3f,
  0xbc, 0xec, 0x81, 0x7d, 0xe7, 0x7f, 0xe6, 0x4f, 0x1d, 0x4d, 0x16, 0x0d,
  0xb7, 0xb8, 0x3f, 0x33, 0x9b, 0xd7, 0x08, 0x36, 0xc3, 0x5a, 0x27, 0x1a,
  0x81, 0x04, 0x4d, 0x7f, 0x95, 0x0e, 0x29, 0xea, 0x63, 0xfd, 0xfe, 0xdf,
  0xa2, 0x05, 0xfb, 0x5e, 0x81, 0x81, 0x9b, 0x99, 0x81, 0xd7, 0x15, 0x0f,
  0x81, 0x06, 0xaa, 0x57, 0x9f, 0x00, 0x41, 0xcf, 0x0b, 0x0b, 0x4a, 0xb7,
  0xfe, 0x04, 0x67, 0x49, 0x6a, 0xd8, 0x44, 0xe8, 0xdb, 0xfc, 0xfe, 0xd9,
  0x42, 0xf4, 0x37, 0x81, 0x1d, 0xe0, 0x21, 0x1a, 0x37, 0x53, 0x4e, 0xe8,
  0x26, 0x11, 0xef, 0x81, 0xbf, 0x5b, 0xe1, 0xf0, 0x06, 0x7f, 0xb1, 0x6b,
  0x2c, 0xef, 0x2c, 0x7f, 0x31, 0x64, 0x81, 0x03, 0x7c, 0x1e, 0xfa, 0x66,
  0x48, 0x81, 0x7f, 0x21, 0xd7, 0xa3, 0x2e, 0xf8, 0x2a, 0x7f, 0xae, 0x40,
  0xbf, 0x7f, 0x7f, 0x71, 0x1e, 0x09, 0x81, 0xf7, 0xd0, 0xb7, 0x3d, 0xea,
  0x06, 0xbb, 0x12, 0x7e, 0xec, 0xea, 0xca, 0x2c, 0x46, 0xe6, 0x65, 0x7f,
  0xe4, 0x53, 0x22, 0x7f, 0x81, 0x0b, 0x1e, 0xdc, 0xe9, 0xd5, 0x76, 0xe4,
  0xf5, 0xfe, 0x33, 0xae, 0x46, 0xf0, 0xca, 0xe4, 0x1e, 0x28, 0x05, 0x04,
  0xe9, 0x0f, 0xf6, 0xce, 0x74, 0xc5, 0x28, 0x2b, 0xf3, 0x7f, 0xe4, 0x03,
  0x08, 0x19, 0xf8, 0xb6, 0xc1, 0xfd, 0xdc, 0xdf, 0x07, 0x34, 0xa5, 0x81,
  0x10, 0xc5, 0x63, 0x53, 0xa3, 0xb8, 0x87, 0x81, 0x09, 0x94, 0x81, 0xb4,
  0x3d, 0xb4, 0x3e, 0x13, 0xce, 0xdb, 0x09, 0xce, 0x31, 0x62, 0x81, 0xe3,
  0xc6, 0x5c, 0x69, 0x66, 0x7f, 0xc1, 0x91, 0x03, 0x81, 0x81, 0xe2, 0x01,
  0x16, 0xdf, 0x13, 0x26, 0x5f, 0x2c, 0xb7, 0x4f, 0x3b, 0xff, 0x69, 0x64,
  0x48, 0x40, 0x7f, 0x1a, 0xd3, 0x14, 0xc3, 0xad, 0xbb, 0x11, 0x40, 0x3c,
  0xee, 0xe8, 0xf0, 0xf3, 0xd3, 0x01, 0xb4, 0xf7, 0x7f, 0x40, 0x13, 0x0b,
  0xd2, 0x05, 0x0d, 0x7b, 0x3c, 0xd6, 0x0e, 0xf7, 0xae, 0x3d, 0x2c, 0x18,
  0xd5, 0x17, 0x0c, 0xd3, 0xff, 0x35, 0xf3, 0xbd, 0x4e, 0xe9, 0xff, 0xff,
  0x04, 0x00, 0x00, 0x00, 0x80, 0x00, 0x00, 0x00, 0x6f, 0x01, 0x00, 0x00,
  0x78, 0xff, 0xff, 0xff, 0x16, 0x1e, 0x00, 0x00, 0x1a, 0x03, 0x00, 0x00,
  0x5b, 0x00, 0x00, 0x00, 0x28, 0x18, 0x00, 0x00, 0x55, 0x06, 0x00, 0x00,
  0x94, 0x05, 0x00, 0x00, 0x03, 0x00, 0x00, 0x00, 0xfd, 0xef, 0xff, 0xff,
  0x24, 0x28, 0x00, 0x00, 0x0d, 0xeb, 0xff, 0xff, 0x81, 0xf0, 0xff, 0xff,
  0x6c, 0x08, 0x00, 0x00, 0x2e, 0x1f, 0x00, 0x00, 0x70, 0xf7, 0xff, 0xff,
  0xda, 0xec, 0xff, 0xff, 0xa1, 0x35, 0x00, 0x00, 0x20, 0xfe, 0xff, 0xff,
  0x47, 0xfc, 0xff, 0xff, 0x28, 0x2a, 0x00, 0x00, 0xfb, 0xfb, 0xff, 0xff,
  0xd1, 0x03, 0x00, 0x00, 0x20, 0xf1, 0xff, 0xff, 0x8b, 0x2b, 0x00, 0x00,
  0x79, 0xf8, 0xff, 0xff, 0x2d, 0x1f, 0x00, 0x00, 0x4b, 0x30, 0x00, 0x00,
  0x34, 0x46, 0x00, 0x00, 0xca, 0xfa, 0xff, 0xff, 0x1c, 0xcf, 0xff, 0xff,
  0x2e, 0xfd, 0xff, 0xff, 0xda, 0xe9, 0xff, 0xff, 0x04, 0x00, 0x00, 0x00,
  0x20, 0x01, 0x00, 0x00, 0xbd, 0x0e, 0x7f, 0x54, 0x3f, 0x34, 0x17, 0xca,
  0x81, 0xe1, 0xe4, 0x09, 0x00, 0x81, 0xfe, 0x57, 0x8e, 0x3e, 0xaa, 0xbe,
  0xff, 0xf8, 0x36, 0x65, 0xef, 0xe4, 0x0c, 0x04, 0x9a, 0x23, 0x08, 0x81,
  0x06, 0xcd, 0x5e, 0x29, 0xe2, 0x4c, 0x7f, 0x81, 0x53, 0x79, 0x2d, 0xf0,
  0x27, 0xee, 0x5c, 0x31, 0x0b, 0xb8, 0x3f, 0x39, 0x8a, 0x2c, 0xe1, 0x14,
  0x23, 0x68, 0x56, 0x7f, 0x81, 0x81, 0xfd, 0x9e, 0xe5, 0xfd, 0xf5, 0xf7,
  0xf4, 0xd5, 0x31, 0xfa, 0x17, 0xfe, 0xfe, 0x57, 0x13, 0x69, 0xc7, 0xcc,
  0x21, 0x02, 0x1c, 0xf8, 0x1e, 0xf4, 0x08, 0xfc, 0xd0, 0xfd, 0xfc, 0x77,
  0x5c, 0xc4, 0x0e, 0xdf, 0x81, 0x33, 0x46, 0x14, 0x46, 0x98, 0xcd, 0xf9,
  0x06, 0xbb, 0xdc, 0xf4, 0x7f, 0xad, 0xd8, 0x75, 0x1b, 0x7f, 0x81, 0x8e,
  0xdc, 0x52, 0x81, 0xe5, 0xeb, 0xc1, 0xe9, 0xc7, 0x28, 0x11, 0xd2, 0xfd,
  0x25, 0x81, 0x41, 0x7f, 0x81, 0x77, 0x71, 0x27, 0x4d, 0x7f, 0x56, 0xdd,
  0x6e, 0xb1, 0xb0, 0x54, 0x7f, 0x95, 0x28, 0x7f, 0xa3, 0x7f, 0x21, 0xda,
  0x7f, 0x0d, 0x7f, 0xf5, 0x1a, 0xc0, 0x5c, 0xdf, 0xe5, 0xf0, 0xf5, 0x34,
  0x68, 0xf9, 0x20, 0x14, 0x39, 0xfe, 0xf5, 0x3c, 0xfd, 0x38, 0xfe, 0x07,
  0x44, 0x1e, 0x2d, 0x14, 0x14, 0xdc, 0x71, 0x7f, 0xfc, 0xf6, 0x05, 0x24,
  0xfe, 0x30, 0x00, 0xff, 0xa5, 0x36, 0xec, 0x25, 0xf6, 0x81, 0x89, 0xcd,
  0x41, 0x2b, 0xfe, 0x81, 0x69, 0x9f, 0x9c, 0x7f, 0x43, 0x31, 0xca, 0xe9,
  0x7f, 0x43, 0x49, 0xb2, 0xec, 0x61, 0xc9, 0x52, 0x1a, 0x21, 0xae, 0x79,
  0x19, 0xa8, 0x52, 0x39, 0xc4, 0xfe, 0xfd, 0x3d, 0xf7, 0x14, 0x7f, 0xf2,
  0x21, 0xd8, 0x81, 0x4d, 0x37, 0xae, 0x2a, 0x70, 0xe0, 0x2c, 0x21, 0x14,
  0x16, 0x81, 0x40, 0x6c, 0x6f, 0x33, 0x5a, 0x6b, 0x05, 0xff, 0xea, 0xd2,
  0x60, 0x02, 0xe5, 0x09, 0x2a, 0x11, 0x0d, 0x53, 0xd6, 0x37, 0xe8, 0x1e,
  0x0a, 0x3d, 0x31, 0x04, 0x44, 0x13, 0xc1, 0xd3, 0x17, 0x1e, 0x00, 0x2a,
  0xc7, 0x4a, 0x81, 0x36, 0x06, 0xeb, 0xff, 0xff, 0x04, 0x00, 0x00, 0x00,
  0x80, 0x00, 0x00, 0x00, 0xbd, 0x03, 0x00, 0x00, 0xa3, 0x1b, 0x00, 0x00,
  0x55, 0xf5, 0xff, 0xff, 0xac, 0xfc, 0xff, 0xff, 0x8b, 0xf6, 0xff, 0xff,
  0x6a, 0xff, 0xff, 0xff, 0x8e, 0xf4, 0xff, 0xff, 0x8f, 0x02, 0x00, 0x00,
  0x0d, 0x00, 0x00, 0x00, 0xe1, 0xff, 0xff, 0xff, 0x7e, 0xf5, 0xff, 0xff,
  0x9b, 0x01, 0x00, 0x00, 0x27, 0xfd, 0xff, 0xff, 0x6b, 0x22, 0x00, 0x00,
  0x55, 0x11, 0x00, 0x00, 0x64, 0xfe, 0xff, 0xff, 0xe1, 0xfe, 0xff, 0xff,
  0xae, 0x0b, 0x00, 0x00, 0x51, 0xff, 0xff, 0xff, 0x6f, 0x01, 0x00, 0x00,
  0xf6, 0x13, 0x00, 0x00, 0x9c, 0x01, 0x00, 0x00, 0x46, 0xff, 0xff, 0xff,
  0x93, 0x0b, 0x00, 0x00, 0x1c, 0xf7, 0xff, 0xff, 0x23, 0xfe, 0xff, 0xff,
  0x24, 0xf2, 0xff, 0xff, 0xff, 0xf6, 0xff, 0xff, 0xf7, 0xff, 0xff, 0xff,
  0x5a, 0x00, 0x00, 0x00, 0xe7, 0xff, 0xff, 0xff, 0xd3, 0xff, 0xff, 0xff,
  0x92, 0xeb, 0xff, 0xff, 0x04, 0x00, 0x00, 0x00, 0x20, 0x01, 0x00, 0x00,
  0x81, 0xb6, 0x58, 0xd4, 0x06, 0x91, 0xb4, 0xd4, 0x22, 0x9f, 0x3e, 0x49,
  0xe4, 0xbd, 0xbe, 0xb8, 0x19, 0xa5, 0x87, 0x75, 0x68, 0x3a, 0xb6, 0xb2,
  0xd0, 0x59, 0x81, 0x70, 0x6f, 0xbf, 0xe7, 0xd0, 0x52, 0x3b, 0xf1, 0x0c,
  0x81, 0x21, 0xcf, 0x02, 0x6b, 0x25, 0xfb, 0xed, 0x09, 0xf5, 0xdb, 0x90,
  0x27, 0xee, 0x43, 0x18, 0xda, 0x30, 0xbb, 0x62, 0x24, 0xf9, 0x18, 0x1b,
  0xfb, 0xdf, 0x05, 0xb4, 0x6f, 0xbc, 0x30, 0xe9, 0x42, 0x2c, 0xda, 0xf8,
  0xa7, 0x4d, 0xfe, 0xda, 0x12, 0xdb, 0x27, 0xcb, 0xd7, 0xcf, 0xde, 0x53,
  0x38, 0xe9, 0xce, 0x27, 0xe6, 0x2e, 0xe5, 0x55, 0xd1, 0x13, 0x2f, 0xba,
  0xb9, 0x81, 0x81, 0xb5, 0x64, 0x81, 0x81, 0x81, 0x63, 0x7c, 0x0c, 0x81,
  0x97, 0x81, 0x81, 0x87, 0x63, 0x1e, 0x22, 0x7e, 0x81, 0x08, 0x95, 0x7f,
  0x81, 0x42, 0x2c, 0x93, 0x7f, 0x93, 0x75, 0x5b, 0xe9, 0x02, 0x16, 0x81,
  0x20, 0xf5, 0xf7, 0x0e, 0x62, 0xcb, 0x95, 0x36, 0xf3, 0x96, 0x2b, 0x3a,
  0x7f, 0xe5, 0xa2, 0x22, 0x28, 0x7f, 0x81, 0xf9, 0xda, 0xe9, 0x31, 0x96,
  0x2d, 0x66, 0xec, 0xca, 0xf1, 0xcd, 0x27, 0x1f, 0x35, 0x2a, 0x02, 0xe0,
  0x46, 0x38, 0x0d, 0x22, 0x0c, 0x28, 0x24, 0x1f, 0x10, 0xee, 0xdd, 0x51,
  0xec, 0xed, 0x3a, 0xd5, 0x3f, 0x81, 0x10, 0x90, 0x18, 0x2b, 0x3c, 0x2f,
  0x14, 0xf3, 0x2a, 0x91, 0x69, 0xd4, 0xa0, 0xbb, 0x7f, 0x7f, 0x81, 0x4e,
  0x81, 0xe4, 0x24, 0x9d, 0x34, 0x7f, 0x7f, 0x81, 0xe0, 0xce, 0xa2, 0xd0,
  0xc9, 0x1a, 0x72, 0x7f, 0x22, 0x81, 0x7f, 0x7f, 0xa7, 0x8a, 0x17, 0xc5,
  0x21, 0xe7, 0x05, 0x16, 0xd5, 0xc9, 0xde, 0xe4, 0xeb, 0xe1, 0x25, 0x7f,
  0x58, 0x22, 0xe8, 0xd0, 0x25, 0x40, 0x84, 0xf8, 0x95, 0xe1, 0x12, 0x7c,
  0x2d, 0x30, 0xe8, 0xd9, 0x82, 0x48, 0xe1, 0x18, 0xca, 0xec, 0x33, 0xfa,
  0x14, 0xce, 0xef, 0x15, 0x21, 0xd6, 0xf7, 0xcb, 0x09, 0xfd, 0xd0, 0x3c,
  0x22, 0x10, 0xc1, 0x11, 0x22, 0x2e, 0xd0, 0x03, 0x0a, 0x33, 0xd1, 0xfb,
  0xbe, 0xec, 0xff, 0xff, 0x04, 0x00, 0x00, 0x00, 0x80, 0x00, 0x00, 0x00,
  0x3c, 0x04, 0x00, 0x00, 0x4c, 0x0e, 0x00, 0x00, 0x00, 0xff, 0xff, 0xff,
  0xaf, 0x11, 0x00, 0x00, 0xe9, 0xfe, 0xff, 0xff, 0x6f, 0x11, 0x00, 0x00,
  0x74, 0x0f, 0x00, 0x00, 0xf4, 0x14, 0x00, 0x00, 0xcd, 0xf3, 0xff, 0xff,
  0x0e, 0xfe, 0xff, 0xff, 0x9a, 0x07, 0x00, 0x00, 0xa8, 0xfe, 0xff, 0xff,
  0x79, 0x0d, 0x00, 0x00, 0x12, 0x24, 0x00, 0x00, 0x06, 0x07, 0x00, 0x00,
  0x06, 0x0a, 0x00, 0x00, 0xbf, 0xf5, 0xff, 0xff, 0x12, 0xfc, 0xff, 0xff,
  0x86, 0xff, 0xff, 0xff, 0x9d, 0xfe, 0xff, 0xff, 0x07, 0x03, 0x00, 0x00,
  0x95, 0xf4, 0xff, 0xff, 0xd6, 0x1a, 0x00, 0x00, 0x28, 0xf7, 0xff, 0xff,
  0xee, 0x11, 0x00, 0x00, 0x2c, 0xfd, 0xff, 0xff, 0xac, 0xf8, 0xff, 0xff,
  0x9c, 0xf7, 0xff, 0xff, 0x98, 0xf2, 0xff, 0xff, 0x74, 0x05, 0x00, 0x00,
  0xe5, 0xfe, 0xff, 0xff, 0xb8, 0xff, 0xff, 0xff, 0x4a, 0xed, 0xff, 0xff,
  0x04, 0x00, 0x00, 0x00, 0x00, 0x10, 0x00, 0x00, 0xf9, 0x42, 0x4d, 0x4c,
  0x2a, 0x22, 0xce, 0x14, 0xed, 0x41, 0xd8, 0x32, 0x37, 0xfe, 0x4e, 0x2a,
  0xf4, 0xfc, 0xe7, 0xde, 0x48, 0xcb, 0x1d, 0xd2, 0x2b, 0x81, 0x25, 0x21,
  0xb7, 0xbf, 0x38, 0xd4, 0xd0, 0x38, 0x3d, 0x4a, 0x17, 0x1a, 0xf0, 0x1e,
  0xab, 0x2b, 0xe4, 0x32, 0x0f, 0x21, 0x44, 0x1a, 0xfb, 0xd8, 0xcb, 0xcc,
  0x4b, 0xdf, 0xe4, 0x60, 0x2c, 0x81, 0x04, 0x4e, 0xe8, 0xe7, 0x16, 0xeb,
  0xfb, 0xf2, 0xb8, 0xea, 0x94, 0xf2, 0x10, 0xbb, 0x34, 0x81, 0x2a, 0xe8,
  0x10, 0x26, 0xfd, 0x22, 0xd7, 0xfc, 0x21, 0x27, 0x13, 0xe8, 0x0b, 0xe4,
  0x20, 0xf6, 0x0c, 0xc6, 0x11, 0xd5, 0xee, 0x3d, 0xf6, 0xf6, 0x06, 0x12,
  0x81, 0x02, 0x19, 0xd5, 0x1e, 0xe6, 0x3c, 0xd6, 0x2a, 0x06, 0xe2, 0xfe,
  0xf5, 0xe1, 0x1b, 0x20, 0x16, 0x13, 0xe5, 0xc6, 0xcb, 0xf3, 0x2b, 0xc3,
  0xee, 0xff, 0xf1, 0xeb, 0x46, 0xe0, 0xb0, 0xf2, 0xf4, 0xe9, 0x41, 0xcb,
  0x1c, 0xbf, 0x39, 0xe3, 0x09, 0x2a, 0xed, 0x81, 0xe1, 0x4d, 0x30, 0x34,
  0xa1, 0x20, 0xd3, 0x06, 0xf1, 0x59, 0x43, 0xc9, 0x52, 0xce, 0xd1, 0x61,
  0x99, 0xef, 0x04, 0xb6, 0xf2, 0x31, 0x24, 0xf7, 0xf3, 0xfc, 0xd0, 0xa8,
  0x1e, 0xf5, 0x1b, 0xdc, 0xb1, 0xeb, 0xf7, 0x6f, 0x46, 0x1c, 0x2c, 0xea,
  0x2a, 0x4e, 0x1a, 0xec, 0xe2, 0xaf, 0x0c, 0x81, 0x20, 0x27, 0x2c, 0x23,
  0x05, 0xf5, 0x35, 0x22, 0x1b, 0x30, 0x22, 0x00, 0xde, 0x09, 0x2b, 0xf6,
  0xcd, 0x1a, 0xb5, 0x82, 0xdf, 0x03, 0xeb, 0x1a, 0x03, 0x81, 0xef, 0x48,
  0x05, 0xf1, 0xe7, 0xfb, 0x11, 0x81, 0x14, 0xfa, 0xf5, 0xed, 0xf0, 0x00,
  0x1e, 0xa1, 0x21, 0xf8, 0x0b, 0xf6, 0x10, 0x05, 0xbf, 0xdb, 0x14, 0x3d,
  0x16, 0xea, 0x0d, 0x0b, 0xb5, 0xe2, 0xfd, 0xc2, 0x26, 0xf6, 0x1d, 0xf3,
  0xc1, 0x76, 0x4f, 0x36, 0x2f, 0x27, 0xbb, 0x33, 0xbe, 0x4d, 0xa1, 0x59,
  0x5b, 0xee, 0x4a, 0x2a, 0x15, 0xc3, 0xda, 0xc1, 0x7f, 0xad, 0x05, 0x4b,
  0x2c, 0x8c, 0xe4, 0x56, 0xd0, 0xf0, 0x51, 0x8a, 0xd8, 0x5f, 0x74, 0x30,
  0x10, 0x28, 0xb5, 0x0b, 0xd5, 0x56, 0xb4, 0x3b, 0x78, 0xa5, 0x7f, 0x28,
  0x19, 0xd0, 0xbf, 0xad, 0x74, 0xcb, 0x38, 0x1f, 0x2d, 0x90, 0xf6, 0xd8,
  0xe2, 0xd8, 0x45, 0xb5, 0xcb, 0x53, 0x3f, 0x1f, 0x32, 0x00, 0xa7, 0x0b,
  0xd1, 0x2e, 0x9b, 0x32, 0x3f, 0xb4, 0x4b, 0x2a, 0x10, 0xdd, 0xe4, 0xc0,
  0x40, 0xb5, 0x17, 0x24, 0x2a, 0x81, 0xe3, 0x3e, 0xe1, 0xed, 0x2b, 0xa9,
  0xe4, 0x17, 0x4b, 0x38, 0x23, 0x2b, 0xca, 0x00, 0xfb, 0x3d, 0xeb, 0x1d,
  0x3b, 0x09, 0x46, 0x0c, 0xfa, 0xe7, 0xd4, 0xd8, 0x37, 0xd8, 0x1b, 0x0b,
  0x27, 0x81, 0x1a, 0x1e, 0xd2, 0xd6, 0x17, 0xdc, 0xe7, 0x02, 0x12, 0xee,
  0x2d, 0xda, 0x04, 0xf4, 0x10, 0x26, 0x21, 0x15, 0xf1, 0x0d, 0x25, 0x27,
  0xe3, 0xdd, 0x81, 0xc0, 0xed, 0x8e, 0xaa, 0x3c, 0x2c, 0xdb, 0x6f, 0x10,
  0x30, 0xf9, 0xf0, 0x0d, 0xf0, 0xc8, 0x28, 0xf3, 0x2e, 0x02, 0x10, 0xf5,
  0x36, 0x06, 0x16, 0x07, 0xf5, 0xe3, 0xfd, 0x1f, 0xfa, 0xf1, 0xc3, 0xc4,
  0xdc, 0x88, 0xc6, 0x17, 0x0b, 0x08, 0x33, 0x81, 0x0f, 0xfb, 0xda, 0x31,
  0x34, 0x18, 0xf1, 0xf2, 0x00, 0x81, 0x3d, 0xd2, 0xf2, 0x09, 0xf1, 0xfc,
  0x00, 0x1a, 0x01, 0xd8, 0xef, 0x71, 0x12, 0x22, 0x9c, 0x2c, 0xd7, 0x0e,
  0x2c, 0x3c, 0x17, 0x12, 0xcf, 0xd6, 0xdb, 0x20, 0xb3, 0x55, 0x7d, 0x06,
  0x0b, 0x0f, 0xd0, 0x04, 0xa6, 0x6b, 0xaf, 0x50, 0x70, 0xe7, 0x61, 0x0d,
  0x01, 0xc7, 0x81, 0xbc, 0x73, 0xd3, 0x13, 0x4c, 0x36, 0x91, 0xce, 0xd0,
  0x1a, 0xfd, 0x55, 0xb5, 0xf9, 0xbd, 0x23, 0xf4, 0xff, 0xf9, 0x06, 0xf1,
  0x19, 0x81, 0x22, 0xf4, 0xf9, 0x09, 0x21, 0xf4, 0xc1, 0xfd, 0x1d, 0x17,
  0xf8, 0xeb, 0x17, 0xf8, 0x10, 0x03, 0x15, 0xd2, 0x27, 0xe6, 0xfc, 0x19,
  0x22, 0x96, 0x3d, 0xa4, 0xcc, 0x96, 0x0b, 0x02, 0xa7, 0xa0, 0xc6, 0xf7,
  0x87, 0x90, 0x98, 0x2a, 0x8e, 0xee, 0x0c, 0xac, 0xf6, 0x3e, 0x9f, 0x46,
  0x09, 0xe3, 0x18, 0x09, 0xc1, 0xba, 0xc4, 0x81, 0xd1, 0x66, 0x2a, 0xfd,
  0x34, 0xba, 0x39, 0x17, 0x81, 0xdd, 0xc2, 0x43, 0x07, 0x11, 0x16, 0x29,
  0xe5, 0x0f, 0xbc, 0xe8, 0x44, 0xba, 0xb9, 0x53, 0xeb, 0xec, 0xe6, 0xd9,
  0x2b, 0xfe, 0x45, 0xbf, 0xe9, 0xfa, 0xb2, 0x08, 0x0d, 0x24, 0x13, 0xc9,
  0xf2, 0x1b, 0x21, 0xc0, 0x19, 0xf8, 0xfe, 0xcc, 0x81, 0xef, 0x2e, 0xe9,
  0x26, 0x10, 0x07, 0xea, 0x01, 0x3c, 0xea, 0xc9, 0xe2, 0x10, 0xc5, 0x21,
  0x03, 0x27, 0x46, 0xef, 0x22, 0x23, 0xd5, 0x06, 0xf8, 0x4c, 0xf2, 0x3e,
  0x65, 0x81, 0x5b, 0x29, 0x1a, 0xeb, 0xd0, 0xce, 0x21, 0xc9, 0x3f, 0xdf,
  0x28, 0xa4, 0xdc, 0xb2, 0xff, 0xee, 0x2d, 0xc3, 0x07, 0x16, 0xfe, 0x0b,
  0x20, 0xeb, 0x1f, 0xcb, 0xe9, 0xf4, 0xb1, 0xf1, 0x06, 0x1b, 0x0c, 0xd0,
  0xed, 0x35, 0x0d, 0xf2, 0xf9, 0x16, 0xf3, 0xf8, 0x13, 0x4d, 0x2d, 0xf3,
  0x03, 0x01, 0x81, 0xf9, 0x0e, 0xad, 0x30, 0xee, 0x1a, 0xe2, 0x66, 0x04,
  0xd3, 0xe3, 0x10, 0x0f, 0x8c, 0xd9, 0x05, 0xa8, 0x00, 0x77, 0x23, 0x09,
  0xd5, 0x16, 0xfe, 0x09, 0xe7, 0x46, 0x7f, 0xd9, 0x4b, 0x06, 0xad, 0x19,
  0x05, 0xef, 0x1d, 0xf5, 0x11, 0x0d, 0xe6, 0xfa, 0xf0, 0x11, 0xf8, 0x1b,
  0x2b, 0xc5, 0x13, 0x17, 0x12, 0xfe, 0xfa, 0xe5, 0xf1, 0xec, 0x1a, 0xe4,
  0x07, 0xdd, 0xe7, 0x81, 0x09, 0x11, 0x07, 0x18, 0xcf, 0x6d, 0x42, 0x5d,
  0x1e, 0x0c, 0xe4, 0x13, 0xeb, 0x2a, 0xcf, 0x2e, 0x33, 0x10, 0x3f, 0x13,
  0xec, 0xfe, 0xfa, 0xec, 0x7c, 0xd7, 0xff, 0x48, 0x3c, 0x84, 0xf1, 0x3b,
  0xc7, 0xbf, 0x3c, 0x81, 0xc8, 0x4f, 0x1f, 0x27, 0x52, 0x33, 0xb5, 0x31,
  0xb2, 0x10, 0xe6, 0x3c, 0x43, 0xc5, 0x0e, 0x34, 0x38, 0xbd, 0x12, 0xfa,
  0x7f, 0x95, 0x07, 0x48, 0x3c, 0xbb, 0xd7, 0x2d, 0x9d, 0x43, 0x16, 0xf1,
  0x39, 0x18, 0xb2, 0xfd, 0xf7, 0xd7, 0x62, 0x9d, 0x20, 0xd3, 0x28, 0xfc,
  0xec, 0x29, 0xe1, 0xd5, 0xe4, 0x35, 0x28, 0xff, 0x81, 0x11, 0xe4, 0x1d,
  0x1b, 0x2d, 0x20, 0xda, 0x4d, 0xb8, 0xf2, 0x7a, 0x34, 0xfb, 0xf2, 0x11,
  0x16, 0xdf, 0xfa, 0xcb, 0xf7, 0x19, 0x0c, 0xf7, 0x03, 0x22, 0x1a, 0xd8,
  0xdc, 0x24, 0xfb, 0x2a, 0x19, 0xf2, 0x06, 0xec, 0xf0, 0x51, 0x00, 0xed,
  0x11, 0xe9, 0x81, 0xf3, 0x47, 0x0b, 0x8e, 0xc4, 0xc7, 0xe1, 0x5c, 0xf6,
  0x0c, 0xe8, 0x36, 0x90, 0xf4, 0x31, 0xee, 0xc1, 0xf0, 0x7f, 0x57, 0x41,
  0x8f, 0x4f, 0xa1, 0xca, 0xfa, 0x51, 0x49, 0xab, 0x21, 0xdb, 0xb2, 0x56,
  0x21, 0x0b, 0xcf, 0xe3, 0xfa, 0xdc, 0x02, 0xff, 0x1d, 0xff, 0x0d, 0xe4,
  0xf5, 0x02, 0x0e, 0x06, 0xf5, 0x25, 0xee, 0x03, 0x07, 0x11, 0xb7, 0xf9,
  0xff, 0xeb, 0x01, 0x81, 0x0d, 0x00, 0x09, 0x23, 0x20, 0xdd, 0xc7, 0xbb,
  0xd1, 0x08, 0x17, 0xdd, 0x2c, 0x81, 0x48, 0x0a, 0xdf, 0x05, 0xf9, 0xf5,
  0xf5, 0x38, 0xfe, 0xe9, 0x17, 0x12, 0xda, 0xea, 0x09, 0xfa, 0x29, 0xd0,
  0x58, 0xdd, 0x10, 0x5a, 0xf3, 0xce, 0x0c, 0xed, 0xf7, 0x02, 0xf7, 0x04,
  0x0c, 0x81, 0x22, 0xf5, 0xf6, 0x00, 0x0a, 0x06, 0xe0, 0xf7, 0x11, 0xfb,
  0x16, 0xf5, 0x0f, 0xf1, 0x04, 0xeb, 0x17, 0xf1, 0x13, 0xf6, 0x04, 0xf4,
  0x00, 0x31, 0x1d, 0x35, 0x44, 0x16, 0xe5, 0x2d, 0xf8, 0x31, 0xf7, 0x5a,
  0x33, 0xc7, 0x5d, 0x2f, 0x12, 0x05, 0x00, 0xab, 0x20, 0xae, 0xdc, 0xd4,
  0x38, 0x81, 0x09, 0x2d, 0xe1, 0xc5, 0x34, 0xbd, 0x06, 0x19, 0x0c, 0x4e,
  0xe7, 0x05, 0xfb, 0xaa, 0x07, 0xe4, 0xe5, 0x2a, 0x1a, 0xed, 0x05, 0x08,
  0xfd, 0xf1, 0xda, 0xfe, 0x1c, 0xe4, 0x01, 0x0e, 0x81, 0x29, 0x01, 0x05,
  0x0f, 0x1f, 0x0f, 0x19, 0xff, 0x3f, 0xec, 0xfe, 0xfe, 0x0b, 0x2c, 0xe8,
  0x05, 0xde, 0xf7, 0x81, 0x1d, 0xfe, 0x1d, 0xc2, 0xc9, 0x14, 0x48, 0xed,
  0xab, 0x33, 0xd9, 0xea, 0x2e, 0x47, 0xed, 0xb6, 0xff, 0xe3, 0xef, 0x47,
  0x0c, 0x1c, 0xbf, 0x25, 0xb1, 0xf2, 0xe7, 0xdb, 0x17, 0xde, 0x04, 0xdc,
  0x1f, 0x5d, 0x4c, 0xdf, 0xf6, 0x4e, 0xe4, 0x5b, 0xcc, 0xe7, 0xfd, 0xf2,
  0xd9, 0x5e, 0x08, 0x81, 0x19, 0xc4, 0xb5, 0xeb, 0x23, 0x58, 0x2e, 0xd0,
  0xf3, 0xa4, 0x13, 0x1c, 0xc9, 0x05, 0xd1, 0x07, 0x27, 0x81, 0x39, 0xf0,
  0x1c, 0xef, 0x0e, 0xc2, 0x12, 0x0d, 0x4f, 0x09, 0xf8, 0x0c, 0xcb, 0xae,
  0x1d, 0xdc, 0x30, 0x03, 0xc6, 0x51, 0x56, 0x21, 0x29, 0x27, 0xf4, 0xfc,
  0xfb, 0x7c, 0xc7, 0x34, 0x39, 0xdd, 0x60, 0x42, 0x05, 0xbf, 0x81, 0xac,
  0x3c, 0xd0, 0x1c, 0x0c, 0x25, 0xac, 0x07, 0x14, 0x03, 0xbd, 0x5b, 0x9b,
  0x69, 0xd0, 0x93, 0x91, 0x90, 0xe2, 0x7d, 0xad, 0x41, 0xa0, 0x7f, 0xc8,
  0xde, 0x50, 0xe3, 0xbd, 0xcb, 0x79, 0x48, 0x63, 0x8b, 0x43, 0xad, 0xd1,
  0xde, 0x40, 0x5e, 0xa4, 0x57, 0xd3, 0xbf, 0x52, 0xf2, 0x7f, 0x39, 0x29,
  0x20, 0xf9, 0xe1, 0x26, 0xbb, 0x25, 0xbd, 0x35, 0x60, 0xf2, 0x3e, 0x1c,
  0xfa, 0xe2, 0xee, 0xec, 0x79, 0xd7, 0x0d, 0x32, 0x2e, 0xaa, 0xf1, 0x28,
  0xc9, 0xdf, 0x49, 0xb4, 0xec, 0xe6, 0x19, 0x10, 0x32, 0xe0, 0x0e, 0x13,
  0xe3, 0xe9, 0x15, 0x19, 0xe0, 0x0a, 0xf7, 0x01, 0xe8, 0x39, 0xf5, 0xdc,
  0x01, 0x81, 0xb5, 0x33, 0x04, 0xc7, 0xf6, 0x05, 0x2a, 0x07, 0xc0, 0x05,
  0x1e, 0xff, 0xa7, 0xd9, 0xc7, 0xa7, 0xd6, 0x26, 0x0d, 0x1c, 0x56, 0x81,
  0x14, 0x00, 0x11, 0xe2, 0xef, 0xed, 0x2a, 0x1a, 0x26, 0xf0, 0xde, 0xee,
  0xe5, 0xf7, 0xed, 0xd9, 0xe3, 0x11, 0x19, 0xde, 0xfd, 0x0b, 0xeb, 0xf9,
  0x81, 0x05, 0xfe, 0xe1, 0x00, 0xd3, 0x2d, 0xe6, 0x1b, 0x09, 0x0d, 0xe6,
  0xe9, 0x01, 0x13, 0x06, 0x0a, 0xf4, 0x07, 0xef, 0x05, 0xfa, 0xff, 0xeb,
  0x05, 0xee, 0xf7, 0x09, 0xec, 0x1e, 0xea, 0x06, 0xb2, 0x00, 0xfd, 0xe9,
  0x01, 0x0c, 0x0f, 0x81, 0x1c, 0x00, 0x1d, 0xf8, 0xee, 0xf5, 0x13, 0x16,
  0x17, 0xc1, 0x07, 0xfd, 0xf2, 0xf7, 0xed, 0xd1, 0xea, 0xf2, 0xcc, 0xf5,
  0xdd, 0x2b, 0x35, 0x00, 0x1a, 0xeb, 0xfe, 0x2a, 0xd7, 0x34, 0xe5, 0x25,
  0x2b, 0xd5, 0x3a, 0x0a, 0x34, 0xdb, 0xcf, 0x81, 0x24, 0xe9, 0x27, 0x20,
  0xfe, 0xcb, 0xdd, 0x0b, 0x13, 0x0a, 0x2f, 0xf7, 0xed, 0x24, 0xda, 0x05,
  0x45, 0xeb, 0x77, 0xd6, 0xb1, 0xeb, 0xc4, 0xf5, 0x81, 0x13, 0xf7, 0xca,
  0x1b, 0x44, 0x04, 0x0e, 0x90, 0x10, 0x04, 0x23, 0x08, 0xf7, 0x25, 0xe0,
  0x30, 0xe5, 0xf2, 0xeb, 0x77, 0xc3, 0xd9, 0xfc, 0xdc, 0xc9, 0x57, 0xdf,
  0x30, 0xd1, 0x3e, 0xd4, 0x0f, 0x5e, 0xc6, 0x94, 0xe6, 0x63, 0x38, 0x52,
  0x92, 0x26, 0xcd, 0xc8, 0xc5, 0x7f, 0x63, 0xc7, 0x40, 0xb1, 0xb2, 0x45,
  0x22, 0xf8, 0xd9, 0xf0, 0xd5, 0x0d, 0x24, 0xdd, 0x33, 0x81, 0x3f, 0xd5,
  0xde, 0x26, 0x0f, 0xed, 0xfb, 0x41, 0x03, 0x1c, 0x0a, 0x11, 0xd3, 0xc9,
  0xe4, 0xed, 0x25, 0xb3, 0x3b, 0xef, 0xf9, 0x45, 0xe3, 0x2b, 0xf6, 0xec,
  0x19, 0x2c, 0x1f, 0x28, 0xe2, 0xed, 0xe7, 0x3d, 0x1f, 0xa9, 0x1d, 0x06,
  0x22, 0x28, 0x32, 0xf3, 0x0f, 0x81, 0xe7, 0xf5, 0xed, 0xe0, 0xad, 0x23,
  0x0b, 0x02, 0x18, 0xc3, 0xd7, 0x7f, 0x65, 0x32, 0x11, 0x09, 0xdd, 0x11,
  0xd8, 0x3d, 0xc6, 0x27, 0x4a, 0xfe, 0x3b, 0x20, 0xf0, 0xf0, 0xa9, 0xe0,
  0x5c, 0xee, 0x25, 0x11, 0x0b, 0xad, 0x0e, 0x2b, 0xe4, 0xdc, 0x54, 0xb0,
  0x7f, 0xa5, 0xcc, 0xe6, 0xde, 0xd8, 0x49, 0xdc, 0x16, 0xf1, 0x3a, 0xe4,
  0xe0, 0x33, 0xea, 0x92, 0xe5, 0x7a, 0x00, 0x50, 0xeb, 0x2a, 0xd0, 0xd4,
  0xbb, 0x79, 0x61, 0xd1, 0x28, 0xec, 0xc1, 0x2c, 0x27, 0xeb, 0x07, 0xe9,
  0xc7, 0xc0, 0x03, 0xe8, 0x20, 0xcf, 0xe9, 0x17, 0x04, 0x15, 0x4e, 0xd7,
  0xcb, 0x30, 0xfa, 0x6a, 0xdd, 0xbf, 0x1d, 0x13, 0x09, 0x5b, 0x2a, 0xe8,
  0x26, 0xca, 0x81, 0x03, 0x0c, 0x23, 0xf9, 0x18, 0x2d, 0x14, 0x0d, 0x1c,
  0xf4, 0xd9, 0xfd, 0x23, 0x18, 0xe3, 0x28, 0xfc, 0xfb, 0x39, 0x1d, 0x0d,
  0x12, 0xc1, 0xf8, 0xce, 0xf9, 0x81, 0xea, 0x2c, 0xf8, 0xd8, 0x13, 0xb4,
  0xc6, 0x49, 0x3e, 0x49, 0x40, 0x45, 0xc0, 0x23, 0xc6, 0x52, 0xb7, 0x51,
  0x6f, 0xbf, 0x7f, 0x32, 0x3b, 0xa9, 0x1c, 0xaa, 0x7a, 0x92, 0x09, 0x51,
  0x67, 0x8f, 0x09, 0x2e, 0x88, 0xee, 0x3e, 0x9e, 0xec, 0x2f, 0x13, 0xcd,
  0x01, 0x20, 0xeb, 0x1d, 0xff, 0x16, 0xad, 0x19, 0x64, 0x81, 0x67, 0x11,
  0x19, 0x11, 0x4a, 0xe5, 0x3d, 0xf1, 0x70, 0xe0, 0xff, 0xcc, 0xa1, 0x87,
  0xf6, 0xdd, 0x28, 0xae, 0xf6, 0xfb, 0x2b, 0xf2, 0x01, 0x07, 0xf2, 0xf9,
  0xed, 0x0e, 0xee, 0x01, 0x27, 0xda, 0x15, 0xf9, 0x0c, 0x06, 0x02, 0xe2,
  0x08, 0xf9, 0x25, 0x26, 0xfb, 0xd3, 0xd9, 0x81, 0x11, 0x0e, 0x02, 0x04,
  0x2a, 0xc3, 0x81, 0xd5, 0x05, 0x3b, 0x68, 0xd7, 0xa3, 0x10, 0x31, 0x00,
  0x90, 0xe8, 0xbc, 0xc7, 0x23, 0x73, 0x00, 0xe2, 0xbb, 0x54, 0xc9, 0x17,
  0xf3, 0xa7, 0xe5, 0xa2, 0x49, 0xf0, 0x3f, 0x0a, 0x3d, 0x00, 0x14, 0xd6,
  0xb4, 0xfd, 0x30, 0xf3, 0x11, 0x26, 0x5e, 0xea, 0xbc, 0x14, 0x9d, 0xea,
  0xf8, 0x11, 0x02, 0xcd, 0xcf, 0xf2, 0xf4, 0xe0, 0x08, 0xdf, 0xf4, 0x81,
  0x36, 0xce, 0x27, 0x0e, 0x28, 0xc4, 0x21, 0xe1, 0xc1, 0x05, 0x11, 0xc9,
  0x2f, 0x81, 0x3c, 0xf4, 0xff, 0x27, 0xe5, 0x21, 0xd1, 0xf7, 0x13, 0x17,
  0x3a, 0xf8, 0xf0, 0xb0, 0xd5, 0x15, 0x36, 0xc2, 0x41, 0xe1, 0xf8, 0x31,
  0x22, 0xc4, 0x07, 0xdc, 0xe3, 0x42, 0x0c, 0xf9, 0x22, 0x81, 0x3a, 0xc2,
  0xea, 0x3b, 0x08, 0xd5, 0xe0, 0x3d, 0x0b, 0xd8, 0x21, 0x14, 0xc2, 0xbb,
  0x02, 0x30, 0x0c, 0xad, 0x53, 0xcf, 0x13, 0x47, 0x78, 0xa2, 0xd5, 0xca,
  0xcb, 0xd2, 0x14, 0xd6, 0x1d, 0x95, 0x6e, 0x81, 0xbd, 0x79, 0x00, 0x0a,
  0xbe, 0x55, 0x3d, 0x5d, 0xe6, 0x06, 0xdb, 0x9b, 0xe8, 0x18, 0x24, 0xa3,
  0x7a, 0xbf, 0xf2, 0x45, 0xe4, 0x36, 0x4c, 0xe3, 0x1b, 0x09, 0x15, 0xfd,
  0xe0, 0x4d, 0xee, 0x3b, 0xcb, 0xa0, 0x18, 0x2d, 0x16, 0xfd, 0xb9, 0xbc,
  0x21, 0xe7, 0xd2, 0x25, 0xd9, 0x81, 0x27, 0xca, 0x31, 0xb4, 0x35, 0xc4,
  0xb3, 0x4a, 0xb9, 0x5a, 0xc0, 0xec, 0xf7, 0x81, 0xeb, 0xc0, 0xc9, 0x61,
  0x15, 0x37, 0x25, 0x04, 0x12, 0xdf, 0xc1, 0x6d, 0x24, 0xdf, 0x06, 0xf6,
  0xcd, 0xeb, 0xfd, 0xdc, 0xa6, 0x42, 0xc0, 0xa9, 0x14, 0xae, 0x0c, 0xe2,
  0xfc, 0x02, 0xf3, 0x0d, 0x14, 0x81, 0x24, 0x16, 0xd3, 0x30, 0xf7, 0x02,
  0x14, 0x3c, 0xd0, 0xf2, 0x03, 0x00, 0xf9, 0x02, 0xf1, 0x15, 0x44, 0x13,
  0x27, 0x0e, 0x03, 0xd5, 0xa8, 0xe0, 0x24, 0x16, 0x26, 0x31, 0xe2, 0xff,
  0x07, 0x3d, 0xfd, 0x1a, 0x32, 0xe5, 0x38, 0x3c, 0x2c, 0x00, 0xf2, 0xbe,
  0x08, 0xd4, 0xec, 0x15, 0x0e, 0x81, 0xaa, 0x35, 0xe9, 0x3b, 0xf2, 0xf8,
  0x68, 0xcf, 0x13, 0x0a, 0xf5, 0xd1, 0x43, 0xb4, 0x31, 0xbc, 0x41, 0x0f,
  0xff, 0x46, 0xe9, 0xa9, 0xc7, 0x3b, 0x22, 0x4e, 0xb0, 0xe4, 0xf6, 0xfb,
  0xbb, 0x7f, 0x70, 0xe8, 0x68, 0xcd, 0xba, 0x4a, 0x7f, 0x98, 0xce, 0xc4,
  0xc2, 0xd3, 0x70, 0xbf, 0x34, 0xba, 0x68, 0xe1, 0xce, 0x4a, 0xc9, 0xc1,
  0xc3, 0x6d, 0x3f, 0x66, 0xb8, 0x0e, 0xcf, 0xce, 0xc8, 0x7c, 0x5a, 0xc3,
  0x6c, 0xcd, 0xb7, 0x54, 0xfd, 0x29, 0xd0, 0xdd, 0xc2, 0x04, 0x16, 0xfa,
  0x23, 0xab, 0x39, 0x9c, 0xee, 0x36, 0x12, 0x14, 0x09, 0x39, 0x0d, 0xfb,
  0xd0, 0x20, 0xb5, 0xd1, 0x13, 0xd3, 0xf2, 0x81, 0x2d, 0xe1, 0x0a, 0x2e,
  0xfc, 0x48, 0x35, 0x33, 0x4d, 0x0b, 0xd3, 0x05, 0x85, 0x46, 0xd5, 0x70,
  0x41, 0x13, 0x62, 0x1a, 0xd8, 0xd2, 0xaa, 0xe4, 0x2d, 0xaa, 0xd9, 0xb9,
  0x4d, 0x81, 0x34, 0x2a, 0xff, 0xd2, 0x5b, 0xc6, 0x14, 0x1d, 0x09, 0x0e,
  0xeb, 0xf2, 0x26, 0xe0, 0x00, 0x29, 0xca, 0x23, 0x09, 0xfd, 0xd9, 0xd1,
  0xf2, 0x30, 0x00, 0xe1, 0xea, 0x27, 0xe6, 0x0e, 0x13, 0x61, 0x1b, 0xf3,
  0xee, 0x07, 0x81, 0xfe, 0xb9, 0x47, 0x1a, 0xf0, 0x0f, 0x17, 0xe8, 0x10,
  0xe3, 0x17, 0xc3, 0x11, 0x3c, 0xd9, 0x2d, 0x31, 0x21, 0xe6, 0x21, 0xe1,
  0x37, 0xf8, 0x2d, 0x0f, 0xf3, 0xca, 0x81, 0x24, 0xf8, 0x23, 0x1f, 0xb9,
  0xa8, 0x73, 0x1e, 0x6a, 0x18, 0xf4, 0x21, 0x36, 0xa9, 0xdf, 0xdb, 0x28,
  0xf7, 0x32, 0xf9, 0x1e, 0xe3, 0xe2, 0xf7, 0xe8, 0x6a, 0xeb, 0xa9, 0x7f,
  0x2c, 0xbc, 0xc9, 0x6f, 0xd9, 0xe3, 0x1d, 0x9a, 0x35, 0x36, 0xc0, 0xee,
  0xc9, 0xf2, 0x19, 0xdc, 0x0f, 0x8c, 0xdc, 0x89, 0x2d, 0x38, 0xd7, 0x04,
  0x25, 0x7f, 0xcd, 0x4d, 0xb1, 0x36, 0xbf, 0x8a, 0xc5, 0x08, 0x6c, 0xcd,
  0xeb, 0x06, 0x9e, 0xc4, 0xd7, 0x13, 0x3b, 0x3d, 0x31, 0x09, 0x06, 0x0a,
  0x07, 0x21, 0x17, 0xf4, 0xdb, 0x19, 0x02, 0xf4, 0xfe, 0xd7, 0x8b, 0xac,
  0x22, 0x89, 0x9d, 0x7f, 0x22, 0x9b, 0x4b, 0x33, 0x10, 0xfe, 0x0e, 0x16,
  0x0b, 0xe8, 0xf9, 0xf3, 0x0d, 0x01, 0xf9, 0xff, 0xf0, 0x00, 0xf7, 0xfc,
  0x1d, 0xff, 0x03, 0xfc, 0xa9, 0x04, 0x14, 0x10, 0xfc, 0xfd, 0x08, 0xfa,
  0x0b, 0x29, 0x06, 0xf5, 0x02, 0xec, 0x81, 0x02, 0x0f, 0x1f, 0xbe, 0xf6,
  0xe7, 0x03, 0xdf, 0x21, 0xf5, 0x81, 0x0c, 0xfb, 0xe1, 0xe8, 0xfa, 0xf3,
  0x1d, 0xd4, 0x61, 0x0e, 0xfd, 0xec, 0x2b, 0x09, 0xfd, 0x2d, 0x11, 0x2b,
  0x8e, 0xe4, 0xe7, 0x2d, 0x2c, 0x7f, 0x91, 0x35, 0xe1, 0xa7, 0x38, 0xbd,
  0x31, 0x27, 0x82, 0xaf, 0x23, 0x1f, 0xf1, 0x13, 0xfe, 0x71, 0xfa, 0x4f,
  0x98, 0x06, 0xba, 0xfd, 0xe2, 0x50, 0x43, 0xe8, 0xec, 0xf8, 0x91, 0x34,
  0xb2, 0x76, 0x52, 0x1e, 0x0a, 0x1c, 0xf2, 0x12, 0xe5, 0x44, 0xc4, 0x25,
  0x58, 0xb0, 0x71, 0x2a, 0xfa, 0xf8, 0xd8, 0xd6, 0x77, 0xe6, 0x1d, 0x28,
  0x1c, 0xa3, 0xef, 0x1b, 0xe2, 0xca, 0x48, 0x81, 0x40, 0x19, 0x0f, 0xd9,
  0x0e, 0x72, 0x96, 0x81, 0x3a, 0xd8, 0xf2, 0xd8, 0xa3, 0xf8, 0xe3, 0xcd,
  0xd0, 0x3c, 0x26, 0x49, 0x15, 0xfd, 0x4f, 0xdc, 0x0b, 0xd7, 0x59, 0x33,
  0xae, 0xb5, 0xd1, 0x11, 0x57, 0xc6, 0x0d, 0xfd, 0x29, 0x47, 0x81, 0x8e,
  0xf2, 0xd9, 0x0b, 0x0c, 0x2b, 0x01, 0xf6, 0xef, 0xd4, 0x37, 0x51, 0x42,
  0xe5, 0xd4, 0x25, 0xe2, 0x40, 0xb2, 0x07, 0xe0, 0x91, 0x09, 0xed, 0x3f,
  0x30, 0xd2, 0xfd, 0x00, 0x19, 0x1c, 0xa9, 0x81, 0x10, 0xee, 0x11, 0xf2,
  0x0c, 0x02, 0xfe, 0xf8, 0xf2, 0x3d, 0x3d, 0x15, 0x11, 0xf3, 0x18, 0xe9,
  0x21, 0xcf, 0x0d, 0xf3, 0xbb, 0xfb, 0xf1, 0x26, 0x0a, 0x37, 0xb4, 0x1f,
  0xf9, 0xb2, 0x11, 0xd8, 0x21, 0x3e, 0xde, 0xd0, 0x00, 0xf1, 0x13, 0xf8,
  0xc6, 0x0d, 0x1b, 0xdb, 0x02, 0xd0, 0x03, 0x05, 0x05, 0x47, 0xfd, 0x03,
  0x03, 0xfe, 0x81, 0x20, 0xfa, 0x02, 0xfd, 0xef, 0x81, 0x03, 0xf8, 0x02,
  0x16, 0xd5, 0x1b, 0xd7, 0x16, 0x14, 0x0c, 0x05, 0xf3, 0x06, 0x0d, 0x10,
  0xf4, 0xf5, 0xfc, 0xe5, 0x08, 0x15, 0x07, 0xd7, 0x02, 0xe9, 0xf4, 0xff,
  0xfc, 0x18, 0xe1, 0x1f, 0x17, 0x2a, 0x37, 0xf7, 0xe1, 0xeb, 0xda, 0x9b,
  0xcc, 0x27, 0xd4, 0xec, 0x19, 0x32, 0x1f, 0xf8, 0xbc, 0x2b, 0xd7, 0xcb,
  0xff, 0xcc, 0xdd, 0x81, 0xff, 0xfe, 0x0e, 0xfc, 0xd0, 0x7f, 0x4b, 0x19,
  0xf8, 0x16, 0xef, 0x1f, 0xdc, 0x2a, 0xa4, 0x2c, 0x6b, 0x9c, 0x56, 0x25,
  0x0d, 0xfc, 0xf5, 0xcf, 0x58, 0xe4, 0x38, 0x0f, 0x09, 0xba, 0xbc, 0x22,
  0xf2, 0xcf, 0x3d, 0x82, 0x3c, 0xc2, 0xb8, 0xf3, 0x23, 0xd2, 0xfb, 0xce,
  0xc0, 0x00, 0xe7, 0xd3, 0x1d, 0x14, 0x1e, 0xfb, 0x81, 0x2b, 0x42, 0x29,
  0xe5, 0x0c, 0x1d, 0xf6, 0x1a, 0x61, 0x24, 0xed, 0x1b, 0xe2, 0x89, 0x26,
  0x7f, 0xcf, 0x88, 0xf2, 0xda, 0xd0, 0x39, 0xa0, 0xf6, 0xcc, 0x2f, 0xb5,
  0x0b, 0x72, 0x03, 0xac, 0xfc, 0x76, 0x3e, 0x5e, 0x8e, 0x31, 0xd5, 0xec,
  0xd4, 0x4b, 0x59, 0xd7, 0x28, 0xcf, 0xc7, 0x3f, 0x6f, 0x81, 0xf8, 0xcc,
  0xe4, 0xf3, 0x03, 0x22, 0xff, 0xea, 0x56, 0xf4, 0xc7, 0x17, 0xf4, 0x9e,
  0xf5, 0x77, 0x02, 0x25, 0xea, 0x24, 0xca, 0xec, 0xca, 0x36, 0x71, 0xe2,
  0x43, 0x01, 0xec, 0x06, 0xde, 0x18, 0xf0, 0xf2, 0x2d, 0x0d, 0x50, 0xee,
  0xc7, 0x27, 0x0e, 0x2b, 0xfa, 0xbe, 0xd2, 0xd9, 0xe2, 0x17, 0x16, 0xe9,
  0x81, 0x03, 0x0f, 0x36, 0x12, 0x23, 0xa3, 0x04, 0xe2, 0xf0, 0x28, 0x06,
  0xec, 0x12, 0xf9, 0xf4, 0xee, 0x19, 0x12, 0x06, 0x14, 0xba, 0xfb, 0x81,
  0x04, 0x10, 0x13, 0x08, 0xfd, 0x09, 0x23, 0xf0, 0xe6, 0x1a, 0xd2, 0xd3,
  0x02, 0xc3, 0x07, 0xbe, 0x13, 0xf8, 0x03, 0x25, 0x50, 0xa8, 0x42, 0xed,
  0x1e, 0xf5, 0x33, 0xf1, 0xcd, 0xfa, 0x27, 0x22, 0xd4, 0xe9, 0xe0, 0xb3,
  0x01, 0x54, 0xf8, 0x19, 0xfb, 0x11, 0xf3, 0x00, 0xc1, 0x60, 0x7f, 0xfb,
  0x1a, 0x11, 0x93, 0xe0, 0xf6, 0x1b, 0xfb, 0x2e, 0x29, 0x0f, 0x2d, 0x03,
  0xb5, 0x21, 0xc0, 0x16, 0xc9, 0xff, 0xea, 0x05, 0x1e, 0x1d, 0xe3, 0x0b,
  0x07, 0x06, 0xff, 0xe5, 0xfc, 0xd8, 0xe8, 0x81, 0xee, 0xe5, 0x04, 0xde,
  0x08, 0xe1, 0xea, 0xf4, 0xd9, 0xf5, 0xff, 0xec, 0x07, 0x81, 0x0f, 0xf3,
  0x14, 0x09, 0x07, 0x03, 0xfe, 0x02, 0x0d, 0x09, 0x1b, 0xe6, 0x11, 0xf4,
  0x00, 0xf0, 0x18, 0xfa, 0x01, 0xe8, 0x02, 0x01, 0xd1, 0x47, 0x15, 0xc9,
  0xb3, 0x81, 0xa7, 0x0a, 0xb7, 0x33, 0xc4, 0x20, 0x93, 0x2c, 0x8f, 0x05,
  0xa3, 0xeb, 0xf4, 0xac, 0x89, 0xde, 0x89, 0x89, 0x13, 0x90, 0x92, 0xe9,
  0xce, 0x83, 0x19, 0x1f, 0x52, 0xf5, 0xfb, 0xa7, 0xc8, 0xcb, 0x0a, 0x36,
  0xe8, 0x60, 0x63, 0x3c, 0xd5, 0xe4, 0x84, 0xd5, 0xa0, 0x3a, 0xbc, 0xcb,
  0x5a, 0xef, 0xc5, 0xde, 0xee, 0xaa, 0xc7, 0x81, 0xe3, 0xd7, 0x76, 0x29,
  0x35, 0xf4, 0xdc, 0xfc, 0x81, 0xf4, 0xe3, 0x19, 0xf6, 0x14, 0x62, 0xa6,
  0x12, 0x16, 0x1f, 0xce, 0xcf, 0x12, 0x09, 0x2f, 0x03, 0xfc, 0xf6, 0xdd,
  0xc6, 0x24, 0xef, 0xc1, 0xed, 0xf7, 0xf5, 0xce, 0xd9, 0x06, 0x6e, 0x28,
  0x1e, 0x06, 0xd1, 0xea, 0xa7, 0x59, 0xd9, 0x4e, 0x72, 0xea, 0x57, 0xff,
  0x0b, 0xed, 0x9d, 0xb4, 0x37, 0xbc, 0xfe, 0x5a, 0x32, 0x81, 0xf4, 0xbc,
  0x08, 0x10, 0x42, 0xef, 0x0f, 0xf9, 0x28, 0xe6, 0xfb, 0xb8, 0x0f, 0xfc,
  0xfa, 0x0f, 0x11, 0xb9, 0x01, 0xd3, 0xf6, 0x00, 0x00, 0xd5, 0xdd, 0xdd,
  0xe1, 0x22, 0x1a, 0xe6, 0xf8, 0xec, 0xef, 0x81, 0x18, 0xe8, 0x07, 0x31,
  0x2c, 0xda, 0xff, 0x1e, 0x09, 0x1b, 0x81, 0xb8, 0x16, 0x08, 0xff, 0xf1,
  0xf3, 0x2d, 0x00, 0xfe, 0xfb, 0x08, 0xf6, 0xf5, 0xcf, 0xfe, 0x0f, 0xfc,
  0x0b, 0xee, 0x08, 0xd4, 0xf9, 0x11, 0xe8, 0x1f, 0xef, 0x10, 0xf3, 0x27,
  0x37, 0xfe, 0xfe, 0xec, 0xca, 0x25, 0x28, 0x49, 0x19, 0x21, 0x3d, 0x0e,
  0x9f, 0xcf, 0x81, 0x20, 0xec, 0xb0, 0xb0, 0xa8, 0x3f, 0x97, 0x62, 0x2f,
  0x48, 0xcf, 0x0c, 0xa9, 0xcc, 0xf4, 0xdf, 0x23, 0x36, 0xe6, 0x69, 0xef,
  0xbb, 0x05, 0x2e, 0x00, 0xd2, 0xe9, 0xdf, 0xb0, 0xed, 0x5e, 0x33, 0xf0,
  0x81, 0x22, 0x15, 0xe9, 0x02, 0x28, 0xdf, 0xc8, 0xe2, 0xed, 0x11, 0x0c,
  0xdd, 0x45, 0x3a, 0x38, 0x2b, 0x2e, 0xeb, 0x18, 0xec, 0x40, 0xd7, 0x3a,
  0x36, 0xe3, 0x62, 0x14, 0xf1, 0xfe, 0xd7, 0xdf, 0x4f, 0xcd, 0x12, 0x0a,
  0x30, 0x81, 0x16, 0x27, 0xd0, 0xd5, 0x34, 0xc5, 0x63, 0xdc, 0xcf, 0xee,
  0xe6, 0x9e, 0x12, 0xe0, 0x34, 0x16, 0x6d, 0xc6, 0x08, 0x27, 0xfd, 0xdd,
  0xc5, 0x07, 0x1b, 0x6c, 0x1e, 0x03, 0xca, 0xde, 0x81, 0x22, 0x12, 0xd0,
  0x0a, 0xe3, 0xfc, 0x22, 0x3f, 0xcd, 0x7a, 0xbc, 0xef, 0x15, 0x4e, 0x09,
  0xfe, 0xd5, 0xb7, 0xed, 0x81, 0xec, 0x20, 0xbf, 0xfe, 0x65, 0x1b, 0xd1,
  0xdb, 0x34, 0xde, 0xd3, 0x12, 0x26, 0x50, 0xc5, 0x1c, 0x19, 0xac, 0x20,
  0xf8, 0x9c, 0xba, 0xca, 0x10, 0xfa, 0x01, 0x0c, 0x07, 0xb0, 0x17, 0xa8,
  0x00, 0x0c, 0x85, 0xed, 0x13, 0x0c, 0x33, 0x2a, 0x08, 0xe8, 0xe3, 0xf7,
  0xf2, 0x1b, 0x81, 0x16, 0xe9, 0x33, 0x85, 0x47, 0x62, 0x81, 0x13, 0xf9,
  0xdf, 0xa0, 0xf5, 0x04, 0x12, 0xe4, 0x3e, 0x13, 0xde, 0x3a, 0x08, 0x01,
  0xda, 0x3d, 0xfe, 0x69, 0xe5, 0xe1, 0x06, 0xf9, 0xd2, 0x4b, 0x7c, 0xf8,
  0x48, 0xd8, 0xb3, 0xf1, 0x13, 0xf2, 0xe9, 0x42, 0x9b, 0xae, 0xf8, 0xde,
  0x3c, 0x05, 0xf7, 0x3e, 0x38, 0x35, 0xda, 0x07, 0x04, 0x55, 0xbe, 0x6f,
  0x0a, 0xcd, 0xfb, 0xf1, 0x89, 0x2d, 0x72, 0xe9, 0xef, 0xf7, 0x81, 0xcb,
  0x2d, 0xfb, 0xe6, 0xf7, 0x11, 0x01, 0x21, 0xbb, 0xe1, 0xf3, 0x02, 0xf4,
  0x25, 0x0e, 0xbc, 0xe3, 0xf1, 0x38, 0x29, 0xe9, 0x10, 0x2d, 0xe9, 0xe6,
  0x0d, 0x47, 0x50, 0xe5, 0xea, 0xfd, 0x81, 0xe6, 0xfb, 0xcf, 0xdb, 0xce,
  0x09, 0x01, 0xbf, 0x31, 0x1a, 0xb1, 0xf3, 0x01, 0x84, 0x25, 0xee, 0xf2,
  0xfc, 0x53, 0xf4, 0xa6, 0x43, 0xe6, 0x15, 0x1b, 0x35, 0xde, 0xfe, 0xf2,
  0x7f, 0xe9, 0x18, 0x4e, 0xf6, 0xf7, 0xd2, 0xd9, 0xc8, 0x00, 0x07, 0xe6,
  0x1a, 0x81, 0x3d, 0xa4, 0xe8, 0x16, 0x26, 0xfc, 0xf0, 0x18, 0x25, 0x0e,
  0xd3, 0x18, 0xfa, 0xeb, 0x01, 0xa9, 0x09, 0xd3, 0x26, 0xf8, 0x11, 0x2f,
  0xf2, 0x3c, 0x19, 0x00, 0xf8, 0xe9, 0x18, 0x23, 0xf2, 0xf3, 0xfc, 0x0c,
  0xf5, 0xb3, 0x24, 0x09, 0x27, 0x11, 0x28, 0x95, 0xf6, 0x0d, 0x16, 0x07,
  0xe8, 0xdd, 0x81, 0x23, 0x15, 0x17, 0x01, 0xf8, 0x07, 0x99, 0x05, 0xe4,
  0x81, 0xde, 0xe4, 0x12, 0x12, 0xde, 0x55, 0xd7, 0x0d, 0x10, 0xd7, 0x30,
  0xe2, 0xea, 0x24, 0x3a, 0x14, 0x0d, 0xe1, 0xbe, 0xd5, 0xa0, 0x34, 0xc8,
  0x04, 0x18, 0x0a, 0xb4, 0xff, 0x23, 0x61, 0x34, 0x2c, 0x2d, 0xc2, 0xfe,
  0xff, 0x64, 0xe5, 0x40, 0x57, 0xea, 0x5f, 0x10, 0x14, 0xd6, 0xc7, 0xbd,
  0x28, 0xac, 0x20, 0xef, 0x29, 0x81, 0x26, 0x19, 0xd5, 0xdb, 0x3f, 0xce,
  0x29, 0xe8, 0x06, 0x0a, 0x2d, 0xe8, 0xe3, 0xde, 0xd9, 0xe6, 0x1d, 0xde,
  0x2c, 0x18, 0x37, 0xdf, 0x81, 0xda, 0x2d, 0x39, 0xb1, 0xfa, 0x1a, 0x03,
  0x13, 0x34, 0xc2, 0xd4, 0xfe, 0xd9, 0xc3, 0x1a, 0x31, 0xeb, 0xb8, 0x05,
  0x0a, 0x81, 0x0a, 0xd1, 0x07, 0x23, 0x5b, 0xea, 0xf6, 0x0e, 0x17, 0xc8,
  0xb6, 0x18, 0x25, 0x56, 0x0c, 0xe9, 0x02, 0xf6, 0xcd, 0x07, 0xec, 0xef,
  0xe7, 0xea, 0xdd, 0x0c, 0x2a, 0x8a, 0x1d, 0xc4, 0xe5, 0xfb, 0x08, 0xfc,
  0x39, 0x95, 0x7f, 0x0a, 0xf4, 0xdd, 0xee, 0x04, 0xe4, 0xe1, 0xc1, 0x27,
  0x5a, 0x03, 0xbc, 0xf8, 0x99, 0x1d, 0x35, 0xcc, 0x1f, 0x15, 0x11, 0xc5,
  0xc5, 0x4b, 0x3a, 0x12, 0x3c, 0x03, 0x06, 0x1d, 0xc8, 0x34, 0xe4, 0x3a,
  0x2e, 0xe7, 0x26, 0x31, 0xfa, 0xe0, 0x81, 0xbe, 0x1c, 0xd9, 0xfd, 0xf7,
  0x12, 0xb1, 0xe9, 0x2a, 0x1d, 0xf3, 0x38, 0xd6, 0x1f, 0x21, 0xe7, 0x00,
  0xe7, 0xfb, 0x5d, 0x81, 0x0d, 0x87, 0xf4, 0xf2, 0xe9, 0x34, 0x38, 0xb0,
  0xe1, 0x5e, 0x30, 0x3d, 0x9d, 0x16, 0xe4, 0xf9, 0x09, 0x55, 0x60, 0xbc,
  0x58, 0xd7, 0x8c, 0x71, 0x09, 0x1e, 0x5e, 0xb8, 0xf5, 0x28, 0xc0, 0x0b,
  0xef, 0xf4, 0xe7, 0x32, 0xfc, 0xf0, 0x0b, 0x40, 0xe9, 0xff, 0xd6, 0x8b,
  0x21, 0xcb, 0xf4, 0x43, 0xc8, 0x81, 0xfc, 0x1e, 0x54, 0x01, 0x5d, 0x06,
  0xa7, 0xfc, 0x00, 0xf5, 0x43, 0x5e, 0xae, 0xdd, 0x1c, 0x01, 0x01, 0xf3,
  0x55, 0x12, 0xf2, 0xdb, 0xec, 0xbb, 0x33, 0x39, 0x65, 0xd0, 0xeb, 0x18,
  0x77, 0xb6, 0x13, 0x34, 0x81, 0x0f, 0x03, 0xcf, 0xdb, 0x4f, 0x36, 0x2c,
  0x04, 0xf3, 0x08, 0x2a, 0xd5, 0x3d, 0xec, 0x15, 0x22, 0xde, 0x1c, 0x1a,
  0x1d, 0xb6, 0xa5, 0x81, 0x35, 0x04, 0x15, 0x59, 0x0c, 0xde, 0xd4, 0x39,
  0xff, 0xf8, 0x3c, 0xdc, 0xed, 0x0c, 0x1c, 0x05, 0x01, 0x08, 0x0b, 0xfd,
  0x05, 0x81, 0xee, 0xab, 0x1c, 0x0e, 0x0f, 0xff, 0xfd, 0x05, 0x1c, 0xfc,
  0x05, 0xf2, 0x03, 0xda, 0xf4, 0xed, 0x20, 0xde, 0xf9, 0xe4, 0xe5, 0x09,
  0xff, 0xf8, 0x28, 0xe5, 0x10, 0x00, 0xf2, 0xff, 0xd6, 0x16, 0xee, 0x23,
  0x2a, 0xd2, 0x23, 0x11, 0x1b, 0xf9, 0x04, 0xbd, 0x13, 0xe3, 0x13, 0x30,
  0x06, 0xb7, 0xc7, 0x81, 0x10, 0x20, 0x09, 0x24, 0x15, 0xc8, 0x2c, 0x03,
  0x0f, 0x23, 0x0f, 0xe4, 0x0f, 0xed, 0x06, 0x2f, 0xf0, 0xf4, 0x00, 0xd6,
  0xc0, 0x03, 0xec, 0xe9, 0x01, 0xea, 0x01, 0x09, 0x16, 0x24, 0x81, 0xf9,
  0x1d, 0xee, 0x06, 0x29, 0x0c, 0x3c, 0x37, 0x2a, 0x1d, 0x1c, 0xf7, 0x20,
  0xfe, 0x26, 0x01, 0x37, 0x22, 0xe4, 0x48, 0xf7, 0x12, 0x08, 0x13, 0xbc,
  0x29, 0xae, 0xfc, 0x3c, 0x0d, 0x81, 0xd6, 0x40, 0xe4, 0xe9, 0x12, 0xaf,
  0xb0, 0x65, 0x58, 0x4c, 0x1d, 0x17, 0xe1, 0x25, 0x97, 0x32, 0xdd, 0x5e,
  0x3f, 0x11, 0x32, 0x32, 0xf4, 0xc6, 0xbe, 0xc1, 0x61, 0xba, 0xdb, 0x7f,
  0x31, 0x82, 0x09, 0x5f, 0xd4, 0xf0, 0x43, 0xde, 0xaa, 0x50, 0x0e, 0xc1,
  0x0c, 0x23, 0xe3, 0x28, 0xd9, 0x09, 0x93, 0x17, 0x73, 0x90, 0x7a, 0x38,
  0x1c, 0x09, 0x69, 0xea, 0x77, 0xec, 0x67, 0x04, 0x06, 0xe0, 0x81, 0xd7,
  0xc3, 0xda, 0x2c, 0x93, 0xd0, 0x65, 0x5a, 0x42, 0x38, 0x27, 0xc3, 0x2a,
  0xf0, 0x4f, 0xda, 0x50, 0x3b, 0xbc, 0x5b, 0x2c, 0x07, 0xee, 0xcd, 0xbf,
  0x65, 0xb0, 0x23, 0x0f, 0x30, 0x81, 0x1c, 0x25, 0xbf, 0xd8, 0x48, 0xa6,
  0x56, 0xfd, 0xff, 0xff, 0x04, 0x00, 0x00, 0x00, 0x00, 0x02, 0x00, 0x00,
  0xeb, 0xf2, 0xff, 0xff, 0x35, 0xf9, 0xff, 0xff, 0x66, 0x03, 0x00, 0x00,
  0x9f, 0xff, 0xff, 0xff, 0x56, 0x01, 0x00, 0x00, 0x5b, 0xe9, 0xff, 0xff,
  0x4a, 0xfa, 0xff, 0xff, 0xb7, 0x01, 0x00, 0x00, 0xad, 0xf1, 0xff, 0xff,
  0xfd, 0xf5, 0xff, 0xff, 0x93, 0xec, 0xff, 0xff, 0xfc, 0xf5, 0xff, 0xff,
  0x46, 0x02, 0x00, 0x00, 0xcc, 0x05, 0x00, 0x00, 0x79, 0xff, 0xff, 0xff,
  0xdd, 0xf9, 0xff, 0xff, 0x64, 0x01, 0x00, 0x00, 0x06, 0xf4, 0xff, 0xff,
  0x9f, 0xfb, 0xff, 0xff, 0xf8, 0x03, 0x00, 0x00, 0x48, 0xf4, 0xff, 0xff,
  0x77, 0x04, 0x00, 0x00, 0x79, 0xf5, 0xff, 0xff, 0xcd, 0xfe, 0xff, 0xff,
  0x14, 0xed, 0xff, 0xff, 0xa4, 0xf1, 0xff, 0xff, 0xee, 0x02, 0x00, 0x00,
  0x4c, 0x01, 0x00, 0x00, 0x34, 0x01, 0x00, 0x00, 0x20, 0xff, 0xff, 0xff,
  0xe3, 0xfc, 0xff, 0xff, 0xc7, 0x00, 0x00, 0x00, 0xe1, 0xf6, 0xff, 0xff,
  0x30, 0xfc, 0xff, 0xff, 0x8b, 0x00, 0x00, 0x00, 0x41, 0x01, 0x00, 0x00,
  0xaa, 0xfa, 0xff, 0xff, 0x5a, 0xfc, 0xff, 0xff, 0x6b, 0x09, 0x00, 0x00,
  0xdb, 0xe8, 0xff, 0xff, 0x2f, 0x02, 0x00, 0x00, 0xcd, 0xfc, 0xff, 0xff,
  0xfd, 0x01, 0x00, 0x00, 0x80, 0x00, 0x00, 0x00, 0xc2, 0xff, 0xff, 0xff,
  0x8b, 0x01, 0x00, 0x00, 0x63, 0x00, 0x00, 0x00, 0xe5, 0xff, 0xff, 0xff,
  0x2b, 0xfa, 0xff, 0xff, 0x20, 0xf2, 0xff, 0xff, 0xe1, 0x06, 0x00, 0x00,
  0x87, 0x01, 0x00, 0x00, 0xc3, 0xf5, 0xff, 0xff, 0xec, 0xe9, 0xff, 0xff,
  0x3e, 0xed, 0xff, 0xff, 0x6a, 0xfe, 0xff, 0xff, 0x7e, 0x06, 0x00, 0x00,
  0x6d, 0x00, 0x00, 0x00, 0xee, 0xfc, 0xff, 0xff, 0xbf, 0xfc, 0xff, 0xff,
  0xf3, 0x03, 0x00, 0x00, 0x5f, 0xfe, 0xff, 0xff, 0x6c, 0x05, 0x00, 0x00,
  0x9c, 0xfb, 0xff, 0xff, 0xba, 0xfa, 0xff, 0xff, 0xb4, 0xf8, 0xff, 0xff,
  0x23, 0x05, 0x00, 0x00, 0x90, 0xfa, 0xff, 0xff, 0xfb, 0xf6, 0xff, 0xff,
  0x2b, 0x01, 0x00, 0x00, 0xfa, 0xf4, 0xff, 0xff, 0x15, 0xf8, 0xff, 0xff,
  0x28, 0xfe, 0xff, 0xff, 0x48, 0x06, 0x00, 0x00, 0x90, 0xff, 0xff, 0xff,
  0x84, 0x02, 0x00, 0x00, 0x3a, 0xfd, 0xff, 0xff, 0xdf, 0xec, 0xff, 0xff,
  0xc4, 0xeb, 0xff, 0xff, 0x06, 0xf5, 0xff, 0xff, 0x5b, 0xf8, 0xff, 0xff,
  0x42, 0xfb, 0xff, 0xff, 0x13, 0x00, 0x00, 0x00, 0xca, 0xfe, 0xff, 0xff,
  0xd9, 0xee, 0xff, 0xff, 0xc4, 0x01, 0x00, 0x00, 0xfb, 0x01, 0x00, 0x00,
  0x60, 0xfd, 0xff, 0xff, 0x63, 0x00, 0x00, 0x00, 0x33, 0xfd, 0xff, 0xff,
  0xfe, 0xf9, 0xff, 0xff, 0x78, 0x01, 0x00, 0x00, 0xaf, 0x00, 0x00, 0x00,
  0x1f, 0xfd, 0xff, 0xff, 0xc2, 0x06, 0x00, 0x00, 0xc9, 0x00, 0x00, 0x00,
  0x07, 0xfd, 0xff, 0xff, 0xcb, 0x02, 0x00, 0x00, 0x33, 0x05, 0x00, 0x00,
  0x90, 0xf6, 0xff, 0xff, 0x9f, 0x00, 0x00, 0x00, 0xd5, 0xf0, 0xff, 0xff,
  0x66, 0x02, 0x00, 0x00, 0xc1, 0xf9, 0xff, 0xff, 0x76, 0x00, 0x00, 0x00,
  0x0c, 0xf8, 0xff, 0xff, 0x36, 0xf9, 0xff, 0xff, 0xde, 0x02, 0x00, 0x00,
  0x9c, 0xf7, 0xff, 0xff, 0x53, 0x07, 0x00, 0x00, 0x7f, 0xff, 0xff, 0xff,
  0xf5, 0xff, 0xff, 0xff, 0x33, 0xf6, 0xff, 0xff, 0xc2, 0x03, 0x00, 0x00,
  0xe8, 0x04, 0x00, 0x00, 0x46, 0xf8, 0xff, 0xff, 0xb7, 0xfb, 0xff, 0xff,
  0x6f, 0x02, 0x00, 0x00, 0x7f, 0xf5, 0xff, 0xff, 0x5a, 0xea, 0xff, 0xff,
  0xfd, 0x00, 0x00, 0x00, 0xf8, 0xfe, 0xff, 0xff, 0xeb, 0xff, 0xff, 0xff,
  0xc2, 0x04, 0x00, 0x00, 0x3e, 0xf6, 0xff, 0xff, 0xb9, 0xf5, 0xff, 0xff,
  0x0b, 0xe9, 0xff, 0xff, 0xe9, 0xf4, 0xff, 0xff, 0x62, 0xff, 0xff, 0xff,
  0x04, 0x00, 0x00, 0x00, 0x80, 0x00, 0x00, 0x00, 0x0c, 0x0d, 0xef, 0xdd,
  0xeb, 0x2f, 0x16, 0xe2, 0x0c, 0x0c, 0x81, 0x0d, 0x38, 0x41, 0xe3, 0x0e,
  0xec, 0xf9, 0x17, 0xd8, 0x10, 0xd5, 0xdc, 0x16, 0x0c, 0x11, 0xeb, 0xe0,
  0xee, 0xce, 0xe8, 0xdb, 0x0d, 0xc7, 0xe4, 0xe5, 0x1b, 0x0a, 0xee, 0x0f,
  0x39, 0xc8, 0xe0, 0xbf, 0x0a, 0xc8, 0xec, 0xf1, 0x18, 0x0c, 0xe8, 0xea,
  0x18, 0x0e, 0x18, 0x13, 0xdd, 0xcd, 0xea, 0xe7, 0xef, 0xdc, 0xbb, 0xe8,
  0x0e, 0xec, 0xee, 0xda, 0x0f, 0xeb, 0x0f, 0x0d, 0xe3, 0x1c, 0xd3, 0x34,
  0xe3, 0x0d, 0x2c, 0x28, 0x25, 0xc9, 0xe7, 0xd1, 0x0e, 0xe5, 0xea, 0xe0,
  0xe7, 0xd4, 0xe3, 0xe2, 0xdb, 0x02, 0xd8, 0xda, 0x0e, 0x45, 0x41, 0x27,
  0xce, 0x0d, 0xe4, 0xd7, 0x5f, 0xe3, 0xd2, 0xe3, 0xd4, 0xec, 0x11, 0xd8,
  0x0b, 0xe4, 0xcd, 0xc5, 0x0c, 0xea, 0xcc, 0x11, 0x0a, 0xdc, 0x11, 0xde,
  0x0d, 0x0d, 0x16, 0x0b, 0xee, 0xff, 0xff, 0xff, 0x04, 0x00, 0x00, 0x00,
  0x04, 0x00, 0x00, 0x00, 0xb3, 0x17, 0x00, 0x00, 0x00, 0x00, 0x06, 0x00,
  0x08, 0x00, 0x04, 0x00, 0x06, 0x00, 0x00, 0x00, 0x04, 0x00, 0x00, 0x00,
  0x08, 0x00, 0x00, 0x00, 0x01, 0x00, 0x00, 0x00, 0x02, 0x00, 0x00, 0x00,
  0x78, 0xd5, 0xff, 0xff, 0x7c, 0xd5, 0xff, 0xff, 0x0f, 0x00, 0x00, 0x00,
  0x4d, 0x4c, 0x49, 0x52, 0x20, 0x43, 0x6f, 0x6e, 0x76, 0x65, 0x72, 0x74,
  0x65, 0x64, 0x2e, 0x00, 0x01, 0x00, 0x00, 0x00, 0x14, 0x00, 0x00, 0x00,
  0x00, 0x00, 0x0e, 0x00, 0x18, 0x00, 0x14, 0x00, 0x10, 0x00, 0x0c, 0x00,
  0x08, 0x00, 0x04, 0x00, 0x0e, 0x00, 0x00, 0x00, 0x14, 0x00, 0x00, 0x00,
  0x1c, 0x00, 0x00, 0x00, 0x60, 0x02, 0x00, 0x00, 0x64, 0x02, 0x00, 0x00,
  0x68, 0x02, 0x00, 0x00, 0x04, 0x00, 0x00, 0x00, 0x6d, 0x61, 0x69, 0x6e,
  0x00, 0x00, 0x00, 0x00, 0x08, 0x00, 0x00, 0x00, 0xfc, 0x01, 0x00, 0x00,
  0x94, 0x01, 0x00, 0x00, 0x3c, 0x01, 0x00, 0x00, 0xe4, 0x00, 0x00, 0x00,
  0xb0, 0x00, 0x00, 0x00, 0x6c, 0x00, 0x00, 0x00, 0x34, 0x00, 0x00, 0x00,
  0x10, 0x00, 0x00, 0x00, 0x00, 0x00, 0x0a, 0x00, 0x10, 0x00, 0x0c, 0x00,
  0x08, 0x00, 0x04, 0x00, 0x0a, 0x00, 0x00, 0x00, 0x0c, 0x00, 0x00, 0x00,
  0x10, 0x00, 0x00, 0x00, 0x04, 0x00, 0x00, 0x00, 0x01, 0x00, 0x00, 0x00,
  0x15, 0x00, 0x00, 0x00, 0x01, 0x00, 0x00, 0x00, 0x14, 0x00, 0x00, 0x00,
  0x16, 0xff, 0xff, 0xff, 0x14, 0x00, 0x00, 0x00, 0x00, 0x00, 0x00, 0x08,
  0x10, 0x00, 0x00, 0x00, 0x14, 0x00, 0x00, 0x00, 0x03, 0x00, 0x00, 0x00,
  0x38, 0xd6, 0xff, 0xff, 0x01, 0x00, 0x00, 0x00, 0x14, 0x00, 0x00, 0x00,
  0x03, 0x00, 0x00, 0x00, 0x13, 0x00, 0x00, 0x00, 0x03, 0x00, 0x00, 0x00,
  0x02, 0x00, 0x00, 0x00, 0xf6, 0xfe, 0xff, 0xff, 0x1c, 0x00, 0x00, 0x00,
  0x00, 0x00, 0x00, 0x08, 0x1c, 0x00, 0x00, 0x00, 0x20, 0x00, 0x00, 0x00,
  0x03, 0x00, 0x00, 0x00, 0x00, 0x00, 0x06, 0x00, 0x08, 0x00, 0x07, 0x00,
  0x06, 0x00, 0x00, 0x00, 0x00, 0x00, 0x00, 0x01, 0x01, 0x00, 0x00, 0x00,
  0x13, 0x00, 0x00, 0x00, 0x03, 0x00, 0x00, 0x00, 0x12, 0x00, 0x00, 0x00,
  0x05, 0x00, 0x00, 0x00, 0x04, 0x00, 0x00, 0x00, 0x8a, 0xff, 0xff, 0xff,
  0x14, 0x00, 0x00, 0x00, 0x00, 0x00, 0x00, 0x1b, 0x10, 0x00, 0x00, 0x00,
  0x14, 0x00, 0x00, 0x00, 0x02, 0x00, 0x00, 0x00, 0xac, 0xd6, 0xff, 0xff,
  0x01, 0x00, 0x00, 0x00, 0x12, 0x00, 0x00, 0x00, 0x02, 0x00, 0x00, 0x00,
  0x11, 0x00, 0x00, 0x00, 0x01, 0x00, 0x00, 0x00, 0xba, 0xff, 0xff, 0xff,
  0x14, 0x00, 0x00, 0x00, 0x00, 0x00, 0x00, 0x02, 0x20, 0x00, 0x00, 0x00,
  0x24, 0x00, 0x00, 0x00, 0x01, 0x00, 0x00, 0x00, 0x56, 0xff, 0xff, 0xff,
  0x00, 0x00, 0x00, 0x01, 0x01, 0x00, 0x00, 0x00, 0x02, 0x00, 0x00, 0x00,
  0x02, 0x00, 0x00, 0x00, 0x01, 0x00, 0x00, 0x00, 0x11, 0x00, 0x00, 0x00,
  0x03, 0x00, 0x00, 0x00, 0x10, 0x00, 0x00, 0x00, 0x07, 0x00, 0x00, 0x00,
  0x06, 0x00, 0x00, 0x00, 0x00, 0x00, 0x0e, 0x00, 0x18, 0x00, 0x14, 0x00,
  0x10, 0x00, 0x0c, 0x00, 0x0b, 0x00, 0x04, 0x00, 0x0e, 0x00, 0x00, 0x00,
  0x14, 0x00, 0x00, 0x00, 0x00, 0x00, 0x00, 0x02, 0x20, 0x00, 0x00, 0x00,
  0x24, 0x00, 0x00, 0x00, 0x01, 0x00, 0x00, 0x00, 0xaa, 0xff, 0xff, 0xff,
  0x00, 0x00, 0x00, 0x01, 0x01, 0x00, 0x00, 0x00, 0x02, 0x00, 0x00, 0x00,
  0x02, 0x00, 0x00, 0x00, 0x01, 0x00, 0x00, 0x00, 0x10, 0x00, 0x00, 0x00,
  0x03, 0x00, 0x00, 0x00, 0x0f, 0x00, 0x00, 0x00, 0x09, 0x00, 0x00, 0x00,
  0x08, 0x00, 0x00, 0x00, 0x00, 0x00, 0x0e, 0x00, 0x1a, 0x00, 0x14, 0x00,
  0x10, 0x00, 0x0c, 0x00, 0x0b, 0x00, 0x04, 0x00, 0x0e, 0x00, 0x00, 0x00,
  0x24, 0x00, 0x00, 0x00, 0x00, 0x00, 0x00, 0x02, 0x30, 0x00, 0x00, 0x00,
  0x34, 0x00, 0x00, 0x00, 0x01, 0x00, 0x00, 0x00, 0x00, 0x00, 0x0e, 0x00,
  0x14, 0x00, 0x00, 0x00, 0x10, 0x00, 0x0c, 0x00, 0x08, 0x00, 0x07, 0x00,
  0x0e, 0x00, 0x00, 0x00, 0x00, 0x00, 0x00, 0x01, 0x01, 0x00, 0x00, 0x00,
  0x02, 0x00, 0x00, 0x00, 0x02, 0x00, 0x00, 0x00, 0x01, 0x00, 0x00, 0x00,
  0x0f, 0x00, 0x00, 0x00, 0x03, 0x00, 0x00, 0x00, 0x0e, 0x00, 0x00, 0x00,
  0x0b, 0x00, 0x00, 0x00, 0x0a, 0x00, 0x00, 0x00, 0x00, 0x00, 0x0e, 0x00,
  0x14, 0x00, 0x00, 0x00, 0x10, 0x00, 0x0c, 0x00, 0x0b, 0x00, 0x04, 0x00,
  0x0e, 0x00, 0x00, 0x00, 0x1c, 0x00, 0x00, 0x00, 0x00, 0x00, 0x00, 0x01,
  0x24, 0x00, 0x00, 0x00, 0x28, 0x00, 0x00, 0x00, 0x0c, 0x00, 0x10, 0x00,
  0x00, 0x00, 0x0c, 0x00, 0x08, 0x00, 0x07, 0x00, 0x0c, 0x00, 0x00, 0x00,
  0x00, 0x00, 0x00, 0x01, 0x02, 0x00, 0x00, 0x00, 0x02, 0x00, 0x00, 0x00,
  0x01, 0x00, 0x00, 0x00, 0x0e, 0x00, 0x00, 0x00, 0x03, 0x00, 0x00, 0x00,
  0x00, 0x00, 0x00, 0x00, 0x0d, 0x00, 0x00, 0x00, 0x0c, 0x00, 0x00, 0x00,
  0x01, 0x00, 0x00, 0x00, 0x15, 0x00, 0x00, 0x00, 0x01, 0x00, 0x00, 0x00,
  0x00, 0x00, 0x00, 0x00, 0x16, 0x00, 0x00, 0x00, 0x2c, 0x28, 0x00, 0x00,
  0xb4, 0x27, 0x00, 0x00, 0x30, 0x27, 0x00, 0x00, 0xbc, 0x26, 0x00, 0x00,
  0x40, 0x20, 0x00, 0x00, 0xdc, 0x19, 0x00, 0x00, 0x70, 0x17, 0x00, 0x00,
  0xf4, 0x14, 0x00, 0x00, 0x70, 0x12, 0x00, 0x00, 0x08, 0x10, 0x00, 0x00,
  0x98, 0x0d, 0x00, 0x00, 0x30, 0x0b, 0x00, 0x00, 0xc8, 0x08, 0x00, 0x00,
  0xdc, 0x06, 0x00, 0x00, 0xc8, 0x05, 0x00, 0x00, 0xa4, 0x04, 0x00, 0x00,
  0x80, 0x03, 0x00, 0x00, 0x5c, 0x02, 0x00, 0x00, 0xe0, 0x01, 0x00, 0x00,
  0x24, 0x01, 0x00, 0x00, 0x80, 0x00, 0x00, 0x00, 0x04, 0x00, 0x00, 0x00,
  0x42, 0xd8, 0xff, 0xff, 0x00, 0x00, 0x00, 0x01, 0x18, 0x00, 0x00, 0x00,
  0x20, 0x00, 0x00, 0x00, 0x3c, 0x00, 0x00, 0x00, 0x16, 0x00, 0x00, 0x00,
  0x00, 0x00, 0x00, 0x09, 0x50, 0x00, 0x00, 0x00, 0x02, 0x00, 0x00, 0x00,
  0xff, 0xff, 0xff, 0xff, 0x01, 0x00, 0x00, 0x00, 0x24, 0xd8, 0xff, 0xff,
  0x08, 0x00, 0x00, 0x00, 0x10, 0x00, 0x00, 0x00, 0x01, 0x00, 0x00, 0x00,
  0x80, 0xff, 0xff, 0xff, 0xff, 0xff, 0xff, 0xff, 0x01, 0x00, 0x00, 0x00,
  0x00, 0x00, 0x80, 0x3b, 0x19, 0x00, 0x00, 0x00, 0x53, 0x74, 0x61, 0x74,
  0x65, 0x66, 0x75, 0x6c, 0x50, 0x61, 0x72, 0x74, 0x69, 0x74, 0x69, 0x6f,
  0x6e, 0x65, 0x64, 0x43, 0x61, 0x6c, 0x6c, 0x3a, 0x30, 0x00, 0x00, 0x00,
  0x02, 0x00, 0x00, 0x00, 0x01, 0x00, 0x00, 0x00, 0x01, 0x00, 0x00, 0x00,
  0xba, 0xd8, 0xff, 0xff, 0x00, 0x00, 0x00, 0x01, 0x18, 0x00, 0x00, 0x00,
  0x20, 0x00, 0x00, 0x00, 0x40, 0x00, 0x00, 0x00, 0x15, 0x00, 0x00, 0x00,
  0x00, 0x00, 0x00, 0x09, 0x78, 0x00, 0x00, 0x00, 0x02, 0x00, 0x00, 0x00,
  0xff, 0xff, 0xff, 0xff, 0x01, 0x00, 0x00, 0x00, 0x9c, 0xd8, 0xff, 0xff,
  0x08, 0x00, 0x00, 0x00, 0x14, 0x00, 0x00, 0x00, 0x01, 0x00, 0x00, 0x00,
  0x1a, 0x00, 0x00, 0x00, 0x00, 0x00, 0x00, 0x00, 0x00, 0x00, 0x00, 0x00,
  0x01, 0x00, 0x00, 0x00, 0x1c, 0xda, 0x6e, 0x3d, 0x3c, 0x00, 0x00, 0x00,
  0x64, 0x73, 0x5f, 0x63, 0x6e, 0x6e, 0x5f, 0x6b, 0x77, 0x73, 0x5f, 0x76,
  0x31, 0x38, 0x2f, 0x73, 0x69, 0x67, 0x6d, 0x6f, 0x69, 0x64, 0x2f, 0x4d,
  0x61, 0x74, 0x4d, 0x75, 0x6c, 0x3b, 0x64, 0x73, 0x5f, 0x63, 0x6e, 0x6e,
  0x5f, 0x6b, 0x77, 0x73, 0x5f, 0x76, 0x31, 0x38, 0x2f, 0x73, 0x69, 0x67,
  0x6d, 0x6f, 0x69, 0x64, 0x2f, 0x42, 0x69, 0x61, 0x73, 0x41, 0x64, 0x64,
  0x00, 0x00, 0x00, 0x00, 0x02, 0x00, 0x00, 0x00, 0x01, 0x00, 0x00, 0x00,
  0x01, 0x00, 0x00, 0x00, 0x5a, 0xd9, 0xff, 0xff, 0x00, 0x00, 0x00, 0x01,
  0x18, 0x00, 0x00, 0x00, 0x20, 0x00, 0x00, 0x00, 0x40, 0x00, 0x00, 0x00,
  0x14, 0x00, 0x00, 0x00, 0x00, 0x00, 0x00, 0x09, 0x90, 0x00, 0x00, 0x00,
  0x02, 0x00, 0x00, 0x00, 0xff, 0xff, 0xff, 0xff, 0x80, 0x00, 0x00, 0x00,
  0x3c, 0xd9, 0xff, 0xff, 0x08, 0x00, 0x00, 0x00, 0x14, 0x00, 0x00, 0x00,
  0x01, 0x00, 0x00, 0x00, 0x80, 0xff, 0xff, 0xff, 0xff, 0xff, 0xff, 0xff,
  0x00, 0x00, 0x00, 0x00, 0x01, 0x00, 0x00, 0x00, 0xaa, 0xb5, 0xec, 0x3b,
  0x55, 0x00, 0x00, 0x00, 0x64, 0x73, 0x5f, 0x63, 0x6e, 0x6e, 0x5f, 0x6b,
  0x77, 0x73, 0x5f, 0x76, 0x31, 0x38, 0x2f, 0x64, 0x65, 0x6e, 0x73, 0x65,
  0x31, 0x2f, 0x4d, 0x61, 0x74, 0x4d, 0x75, 0x6c, 0x3b, 0x64, 0x73, 0x5f,
  0x63, 0x6e, 0x6e, 0x5f, 0x6b, 0x77, 0x73, 0x5f, 0x76, 0x31, 0x38, 0x2f,
  0x64, 0x65, 0x6e, 0x73, 0x65, 0x31, 0x2f, 0x52, 0x65, 0x6c, 0x75, 0x3b,
  0x64, 0x73, 0x5f, 0x63, 0x6e, 0x6e, 0x5f, 0x6b, 0x77, 0x73, 0x5f, 0x76,
  0x31, 0x38, 0x2f, 0x64, 0x65, 0x6e, 0x73, 0x65, 0x31, 0x2f, 0x42, 0x69,
  0x61, 0x73, 0x41, 0x64, 0x64, 0x00, 0x00, 0x00, 0x02, 0x00, 0x00, 0x00,
  0x01, 0x00, 0x00, 0x00, 0x80, 0x00, 0x00, 0x00, 0x12, 0xda, 0xff, 0xff,
  0x00, 0x00, 0x00, 0x01, 0x18, 0x00, 0x00, 0x00, 0x20, 0x00, 0x00, 0x00,
  0x40, 0x00, 0x00, 0x00, 0x13, 0x00, 0x00, 0x00, 0x00, 0x00, 0x00, 0x09,
  0x50, 0x00, 0x00, 0x00, 0x02, 0x00, 0x00, 0x00, 0xff, 0xff, 0xff, 0xff,
  0x20, 0x00, 0x00, 0x00, 0xf4, 0xd9, 0xff, 0xff, 0x08, 0x00, 0x00, 0x00,
  0x14, 0x00, 0x00, 0x00, 0x01, 0x00, 0x00, 0x00, 0x80, 0xff, 0xff, 0xff,
  0xff, 0xff, 0xff, 0xff, 0x00, 0x00, 0x00, 0x00, 0x01, 0x00, 0x00, 0x00,
  0x2d, 0xdc, 0x61, 0x3c, 0x17, 0x00, 0x00, 0x00, 0x64, 0x73, 0x5f, 0x63,
  0x6e, 0x6e, 0x5f, 0x6b, 0x77, 0x73, 0x5f, 0x76, 0x31, 0x38, 0x2f, 0x67,
  0x61, 0x70, 0x2f, 0x4d, 0x65, 0x61, 0x6e, 0x00, 0x02, 0x00, 0x00, 0x00,
  0x01, 0x00, 0x00, 0x00, 0x20, 0x00, 0x00, 0x00, 0x8a, 0xda, 0xff, 0xff,
  0x00, 0x00, 0x00, 0x01, 0x18, 0x00, 0x00, 0x00, 0x28, 0x00, 0x00, 0x00,
  0x48, 0x00, 0x00, 0x00, 0x12, 0x00, 0x00, 0x00, 0x00, 0x00, 0x00, 0x09,
  0xf0, 0x00, 0x00, 0x00, 0x04, 0x00, 0x00, 0x00, 0xff, 0xff, 0xff, 0xff,
  0x04, 0x00, 0x00, 0x00, 0x01, 0x00, 0x00, 0x00, 0x20, 0x00, 0x00, 0x00,
  0x74, 0xda, 0xff, 0xff, 0x08, 0x00, 0x00, 0x00, 0x14, 0x00, 0x00, 0x00,
  0x01, 0x00, 0x00, 0x00, 0x80, 0xff, 0xff, 0xff, 0xff, 0xff, 0xff, 0xff,
  0x00, 0x00, 0x00, 0x00, 0x01, 0x00, 0x00, 0x00, 0x75, 0x1f, 0x29, 0x3d,
  0xac, 0x00, 0x00, 0x00, 0x64, 0x73, 0x5f, 0x63, 0x6e, 0x6e, 0x5f, 0x6b,
  0x77, 0x73, 0x5f, 0x76, 0x31, 0x38, 0x2f, 0x72, 0x65, 0x6c, 0x75, 0x34,
  0x2f, 0x52, 0x65, 0x6c, 0x75, 0x3b, 0x64, 0x73, 0x5f, 0x63, 0x6e, 0x6e,
  0x5f, 0x6b, 0x77, 0x73, 0x5f, 0x76, 0x31, 0x38, 0x2f, 0x62, 0x6e, 0x34,
  0x2f, 0x46, 0x75, 0x73, 0x65, 0x64, 0x42, 0x61, 0x74, 0x63, 0x68, 0x4e,
  0x6f, 0x72, 0x6d, 0x56, 0x33, 0x3b, 0x64, 0x73, 0x5f, 0x63, 0x6e, 0x6e,
  0x5f, 0x6b, 0x77, 0x73, 0x5f, 0x76, 0x31, 0x38, 0x2f, 0x64, 0x77, 0x63,
  0x6f, 0x6e, 0x76, 0x34, 0x2f, 0x64, 0x65, 0x70, 0x74, 0x68, 0x77, 0x69,
  0x73, 0x65, 0x3b, 0x64, 0x73, 0x5f, 0x63, 0x6e, 0x6e, 0x5f, 0x6b, 0x77,
  0x73, 0x5f, 0x76, 0x31, 0x38, 0x2f, 0x64, 0x77, 0x63, 0x6f, 0x6e, 0x76,
  0x34, 0x2f, 0x42, 0x69, 0x61, 0x73, 0x41, 0x64, 0x64, 0x3b, 0x64, 0x73,
  0x5f, 0x63, 0x6e, 0x6e, 0x5f, 0x6b, 0x77, 0x73, 0x5f, 0x76, 0x31, 0x38,
  0x2f, 0x64, 0x77, 0x63, 0x6f, 0x6e, 0x76, 0x34, 0x2f, 0x42, 0x69, 0x61,
  0x73, 0x41, 0x64, 0x64, 0x2f, 0x52, 0x65, 0x61, 0x64, 0x56, 0x61, 0x72,
  0x69, 0x61, 0x62, 0x6c, 0x65, 0x4f, 0x70, 0x31, 0x00, 0x00, 0x00, 0x00,
  0x04, 0x00, 0x00, 0x00, 0x01, 0x00, 0x00, 0x00, 0x04, 0x00, 0x00, 0x00,
  0x01, 0x00, 0x00, 0x00, 0x20, 0x00, 0x00, 0x00, 0xaa, 0xdb, 0xff, 0xff,
  0x00, 0x00, 0x00, 0x01, 0x18, 0x00, 0x00, 0x00, 0x28, 0x00, 0x00, 0x00,
  0x48, 0x00, 0x00, 0x00, 0x11, 0x00, 0x00, 0x00, 0x00, 0x00, 0x00, 0x09,
  0xf0, 0x00, 0x00, 0x00, 0x04, 0x00, 0x00, 0x00, 0xff, 0xff, 0xff, 0xff,
  0x07, 0x00, 0x00, 0x00, 0x02, 0x00, 0x00, 0x00, 0x20, 0x00, 0x00, 0x00,
  0x94, 0xdb, 0xff, 0xff, 0x08, 0x00, 0x00, 0x00, 0x14, 0x00, 0x00, 0x00,
  0x01, 0x00, 0x00, 0x00, 0x80, 0xff, 0xff, 0xff, 0xff, 0xff, 0xff, 0xff,
  0x00, 0x00, 0x00, 0x00, 0x01, 0x00, 0x00, 0x00, 0xad, 0x11, 0xf2, 0x3c,
  0xac, 0x00, 0x00, 0x00, 0x64, 0x73, 0x5f, 0x63, 0x6e, 0x6e, 0x5f, 0x6b,
  0x77, 0x73, 0x5f, 0x76, 0x31, 0x38, 0x2f, 0x72, 0x65, 0x6c, 0x75, 0x33,
  0x2f, 0x52, 0x65, 0x6c, 0x75, 0x3b, 0x64, 0x73, 0x5f, 0x63, 0x6e, 0x6e,
  0x5f, 0x6b, 0x77, 0x73, 0x5f, 0x76, 0x31, 0x38, 0x2f, 0x62, 0x6e, 0x33,
  0x2f, 0x46, 0x75, 0x73, 0x65, 0x64, 0x42, 0x61, 0x74, 0x63, 0x68, 0x4e,
  0x6f, 0x72, 0x6d, 0x56, 0x33, 0x3b, 0x64, 0x73, 0x5f, 0x63, 0x6e, 0x6e,
  0x5f, 0x6b, 0x77, 0x73, 0x5f, 0x76, 0x31, 0x38, 0x2f, 0x64, 0x77, 0x63,
  0x6f, 0x6e, 0x76, 0x33, 0x2f, 0x64, 0x65, 0x70, 0x74, 0x68, 0x77, 0x69,
  0x73, 0x65, 0x3b, 0x64, 0x73, 0x5f, 0x63, 0x6e, 0x6e, 0x5f, 0x6b, 0x77,
  0x73, 0x5f, 0x76, 0x31, 0x38, 0x2f, 0x64, 0x77, 0x63, 0x6f, 0x6e, 0x76,
  0x33, 0x2f, 0x42, 0x69, 0x61, 0x73, 0x41, 0x64, 0x64, 0x3b, 0x64, 0x73,
  0x5f, 0x63, 0x6e, 0x6e, 0x5f, 0x6b, 0x77, 0x73, 0x5f, 0x76, 0x31, 0x38,
  0x2f, 0x64, 0x77, 0x63, 0x6f, 0x6e, 0x76, 0x33, 0x2f, 0x42, 0x69, 0x61,
  0x73, 0x41, 0x64, 0x64, 0x2f, 0x52, 0x65, 0x61, 0x64, 0x56, 0x61, 0x72,
  0x69, 0x61, 0x62, 0x6c, 0x65, 0x4f, 0x70, 0x31, 0x00, 0x00, 0x00, 0x00,
  0x04, 0x00, 0x00, 0x00, 0x01, 0x00, 0x00, 0x00, 0x07, 0x00, 0x00, 0x00,
  0x02, 0x00, 0x00, 0x00, 0x20, 0x00, 0x00, 0x00, 0xca, 0xdc, 0xff, 0xff,
  0x00, 0x00, 0x00, 0x01, 0x18, 0x00, 0x00, 0x00, 0x28, 0x00, 0x00, 0x00,
  0x48, 0x00, 0x00, 0x00, 0x10, 0x00, 0x00, 0x00, 0x00, 0x00, 0x00, 0x09,
  0xf0, 0x00, 0x00, 0x00, 0x04, 0x00, 0x00, 0x00, 0xff, 0xff, 0xff, 0xff,
  0x0d, 0x00, 0x00, 0x00, 0x03, 0x00, 0x00, 0x00, 0x20, 0x00, 0x00, 0x00,
  0xb4, 0xdc, 0xff, 0xff, 0x08, 0x00, 0x00, 0x00, 0x14, 0x00, 0x00, 0x00,
  0x01, 0x00, 0x00, 0x00, 0x80, 0xff, 0xff, 0xff, 0xff, 0xff, 0xff, 0xff,
  0x00, 0x00, 0x00, 0x00, 0x01, 0x00, 0x00, 0x00, 0xcd, 0x42, 0x1e, 0x3d,
  0xac, 0x00, 0x00, 0x00, 0x64, 0x73, 0x5f, 0x63, 0x6e, 0x6e, 0x5f, 0x6b,
  0x77, 0x73, 0x5f, 0x76, 0x31, 0x38, 0x2f, 0x72, 0x65, 0x6c, 0x75, 0x32,
  0x2f, 0x52, 0x65, 0x6c, 0x75, 0x3b, 0x64, 0x73, 0x5f, 0x63, 0x6e, 0x6e,
  0x5f, 0x6b, 0x77, 0x73, 0x5f, 0x76, 0x31, 0x38, 0x2f, 0x62, 0x6e, 0x32,
  0x2f, 0x46, 0x75, 0x73, 0x65, 0x64, 0x42, 0x61, 0x74, 0x63, 0x68, 0x4e,
  0x6f, 0x72, 0x6d, 0x56, 0x33, 0x3b, 0x64, 0x73, 0x5f, 0x63, 0x6e, 0x6e,
  0x5f, 0x6b, 0x77, 0x73, 0x5f, 0x76, 0x31, 0x38, 0x2f, 0x64, 0x77, 0x63,
  0x6f, 0x6e, 0x76, 0x32, 0x2f, 0x64, 0x65, 0x70, 0x74, 0x68, 0x77, 0x69,
  0x73, 0x65, 0x3b, 0x64, 0x73, 0x5f, 0x63, 0x6e, 0x6e, 0x5f, 0x6b, 0x77,
  0x73, 0x5f, 0x76, 0x31, 0x38, 0x2f, 0x64, 0x77, 0x63, 0x6f, 0x6e, 0x76,
  0x32, 0x2f, 0x42, 0x69, 0x61, 0x73, 0x41, 0x64, 0x64, 0x3b, 0x64, 0x73,
  0x5f, 0x63, 0x6e, 0x6e, 0x5f, 0x6b, 0x77, 0x73, 0x5f, 0x76, 0x31, 0x38,
  0x2f, 0x64, 0x77, 0x63, 0x6f, 0x6e, 0x76, 0x32, 0x2f, 0x42, 0x69, 0x61,
  0x73, 0x41, 0x64, 0x64, 0x2f, 0x52, 0x65, 0x61, 0x64, 0x56, 0x61, 0x72,
  0x69, 0x61, 0x62, 0x6c, 0x65, 0x4f, 0x70, 0x31, 0x00, 0x00, 0x00, 0x00,
  0x04, 0x00, 0x00, 0x00, 0x01, 0x00, 0x00, 0x00, 0x0d, 0x00, 0x00, 0x00,
  0x03, 0x00, 0x00, 0x00, 0x20, 0x00, 0x00, 0x00, 0xea, 0xdd, 0xff, 0xff,
  0x00, 0x00, 0x00, 0x01, 0x18, 0x00, 0x00, 0x00, 0x28, 0x00, 0x00, 0x00,
  0x44, 0x00, 0x00, 0x00, 0x0f, 0x00, 0x00, 0x00, 0x00, 0x00, 0x00, 0x09,
  0xe0, 0x00, 0x00, 0x00, 0x04, 0x00, 0x00, 0x00, 0xff, 0xff, 0xff, 0xff,
  0x19, 0x00, 0x00, 0x00, 0x06, 0x00, 0x00, 0x00, 0x20, 0x00, 0x00, 0x00,
  0xd4, 0xdd, 0xff, 0xff, 0x08, 0x00, 0x00, 0x00, 0x10, 0x00, 0x00, 0x00,
  0x01, 0x00, 0x00, 0x00, 0x80, 0xff, 0xff, 0xff, 0xff, 0xff, 0xff, 0xff,
  0x01, 0x00, 0x00, 0x00, 0x8c, 0xa8, 0xd4, 0x3c, 0xa3, 0x00, 0x00, 0x00,
  0x64, 0x73, 0x5f, 0x63, 0x6e, 0x6e, 0x5f, 0x6b, 0x77, 0x73, 0x5f, 0x76,
  0x31, 0x38, 0x2f, 0x72, 0x65, 0x6c, 0x75, 0x31, 0x2f, 0x52, 0x65, 0x6c,
  0x75, 0x3b, 0x64, 0x73, 0x5f, 0x63, 0x6e, 0x6e, 0x5f, 0x6b, 0x77, 0x73,
  0x5f, 0x76, 0x31, 0x38, 0x2f, 0x62, 0x6e, 0x31, 0x2f, 0x46, 0x75, 0x73,
  0x65, 0x64, 0x42, 0x61, 0x74, 0x63, 0x68, 0x4e, 0x6f, 0x72, 0x6d, 0x56,
  0x33, 0x3b, 0x64, 0x73, 0x5f, 0x63, 0x6e, 0x6e, 0x5f, 0x6b, 0x77, 0x73,
  0x5f, 0x76, 0x31, 0x38, 0x2f, 0x63, 0x6f, 0x6e, 0x76, 0x31, 0x2f, 0x42,
  0x69, 0x61, 0x73, 0x41, 0x64, 0x64, 0x2f, 0x52, 0x65, 0x61, 0x64, 0x56,
  0x61, 0x72, 0x69, 0x61, 0x62, 0x6c, 0x65, 0x4f, 0x70, 0x3b, 0x64, 0x73,
  0x5f, 0x63, 0x6e, 0x6e, 0x5f, 0x6b, 0x77, 0x73, 0x5f, 0x76, 0x31, 0x38,
  0x2f, 0x63, 0x6f, 0x6e, 0x76, 0x31, 0x2f, 0x42, 0x69, 0x61, 0x73, 0x41,
  0x64, 0x64, 0x3b, 0x64, 0x73, 0x5f, 0x63, 0x6e, 0x6e, 0x5f, 0x6b, 0x77,
  0x73, 0x5f, 0x76, 0x31, 0x38, 0x2f, 0x63, 0x6f, 0x6e, 0x76, 0x31, 0x2f,
  0x43, 0x6f, 0x6e, 0x76, 0x32, 0x44, 0x31, 0x00, 0x04, 0x00, 0x00, 0x00,
  0x01, 0x00, 0x00, 0x00, 0x19, 0x00, 0x00, 0x00, 0x06, 0x00, 0x00, 0x00,
  0x20, 0x00, 0x00, 0x00, 0x6e, 0xdf, 0xff, 0xff, 0x00, 0x00, 0x00, 0x01,
  0x14, 0x00, 0x00, 0x00, 0xa8, 0x01, 0x00, 0x00, 0x0e, 0x00, 0x00, 0x00,
  0x00, 0x00, 0x00, 0x09, 0xbc, 0x01, 0x00, 0x00, 0xcc, 0xde, 0xff, 0xff,
  0x08, 0x00, 0x00, 0x00, 0x0c, 0x01, 0x00, 0x00, 0x20, 0x00, 0x00, 0x00,
  0x00, 0x00, 0x00, 0x00, 0x00, 0x00, 0x00, 0x00, 0x00, 0x00, 0x00, 0x00,
  0x00, 0x00, 0x00, 0x00, 0x00, 0x00, 0x00, 0x00, 0x00, 0x00, 0x00, 0x00,
  0x00, 0x00, 0x00, 0x00, 0x00, 0x00, 0x00, 0x00, 0x00, 0x00, 0x00, 0x00,
  0x00, 0x00, 0x00, 0x00, 0x00, 0x00, 0x00, 0x00, 0x00, 0x00, 0x00, 0x00,
  0x00, 0x00, 0x00, 0x00, 0x00, 0x00, 0x00, 0x00, 0x00, 0x00, 0x00, 0x00,
  0x00, 0x00, 0x00, 0x00, 0x00, 0x00, 0x00, 0x00, 0x00, 0x00, 0x00, 0x00,
  0x00, 0x00, 0x00, 0x00, 0x00, 0x00, 0x00, 0x00, 0x00, 0x00, 0x00, 0x00,
  0x00, 0x00, 0x00, 0x00, 0x00, 0x00, 0x00, 0x00, 0x00, 0x00, 0x00, 0x00,
  0x00, 0x00, 0x00, 0x00, 0x00, 0x00, 0x00, 0x00, 0x00, 0x00, 0x00, 0x00,
  0x00, 0x00, 0x00, 0x00, 0x00, 0x00, 0x00, 0x00, 0x00, 0x00, 0x00, 0x00,
  0x00, 0x00, 0x00, 0x00, 0x00, 0x00, 0x00, 0x00, 0x00, 0x00, 0x00, 0x00,
  0x00, 0x00, 0x00, 0x00, 0x00, 0x00, 0x00, 0x00, 0x00, 0x00, 0x00, 0x00,
  0x00, 0x00, 0x00, 0x00, 0x00, 0x00, 0x00, 0x00, 0x00, 0x00, 0x00, 0x00,
  0x00, 0x00, 0x00, 0x00, 0x00, 0x00, 0x00, 0x00, 0x00, 0x00, 0x00, 0x00,
  0x00, 0x00, 0x00, 0x00, 0x00, 0x00, 0x00, 0x00, 0x00, 0x00, 0x00, 0x00,
  0x00, 0x00, 0x00, 0x00, 0x00, 0x00, 0x00, 0x00, 0x00, 0x00, 0x00, 0x00,
  0x00, 0x00, 0x00, 0x00, 0x00, 0x00, 0x00, 0x00, 0x00, 0x00, 0x00, 0x00,
  0x00, 0x00, 0x00, 0x00, 0x00, 0x00, 0x00, 0x00, 0x00, 0x00, 0x00, 0x00,
  0x00, 0x00, 0x00, 0x00, 0x00, 0x00, 0x00, 0x00, 0x00, 0x00, 0x00, 0x00,
  0x00, 0x00, 0x00, 0x00, 0x00, 0x00, 0x00, 0x00, 0x00, 0x00, 0x00, 0x00,
  0x00, 0x00, 0x00, 0x00, 0x00, 0x00, 0x00, 0x00, 0x00, 0x00, 0x00, 0x00,
  0x00, 0x00, 0x00, 0x00, 0x00, 0x00, 0x00, 0x00, 0x20, 0x00, 0x00, 0x00,
  0x1a, 0xf2, 0xf5, 0x3b, 0xc1, 0x1e, 0x4a, 0x3b, 0x50, 0x24, 0x76, 0x3a,
  0x05, 0xe3, 0x5b, 0x3b, 0xe9, 0x70, 0x0c, 0x3b, 0x53, 0x53, 0x51, 0x3b,
  0xf7, 0xb5, 0x7e, 0x3a, 0xc4, 0x4e, 0xb0, 0x3b, 0x62, 0x41, 0xca, 0x3a,
  0xcc, 0xa1, 0xd3, 0x3a, 0xaf, 0xf7, 0x16, 0x3c, 0x5b, 0xe4, 0xed, 0x3a,
  0x79, 0x20, 0x1b, 0x3b, 0xb7, 0x09, 0x75, 0x3b, 0xf8, 0x97, 0x25, 0x3b,
  0x3d, 0xe2, 0xfe, 0x3a, 0x5c, 0x12, 0x2f, 0x3b, 0x41, 0x75, 0x76, 0x3b,
  0x27, 0x47, 0x11, 0x3c, 0x93, 0x13, 0x00, 0x3c, 0x37, 0xc4, 0xa2, 0x3a,
  0xee, 0xd2, 0xb1, 0x3b, 0xfb, 0x78, 0x61, 0x3b, 0x7b, 0x6e, 0xa8, 0x3b,
  0x41, 0x8d, 0xab, 0x3b, 0xff, 0x91, 0x55, 0x3b, 0xfd, 0x31, 0x99, 0x3b,
  0xc3, 0x14, 0xa2, 0x3a, 0xdd, 0xcf, 0x47, 0x3b, 0xb3, 0x96, 0xb0, 0x3b,
  0x97, 0x79, 0x24, 0x3b, 0x5d, 0x31, 0x16, 0x3a, 0x1b, 0x00, 0x00, 0x00,
  0x64, 0x73, 0x5f, 0x63, 0x6e, 0x6e, 0x5f, 0x6b, 0x77, 0x73, 0x5f, 0x76,
  0x31, 0x38, 0x2f, 0x63, 0x6f, 0x6e, 0x76, 0x31, 0x2f, 0x43, 0x6f, 0x6e,
  0x76, 0x32, 0x44, 0x00, 0x04, 0x00, 0x00, 0x00, 0x20, 0x00, 0x00, 0x00,
  0x03, 0x00, 0x00, 0x00, 0x03, 0x00, 0x00, 0x00, 0x01, 0x00, 0x00, 0x00,
  0x56, 0xe1, 0xff, 0xff, 0x00, 0x00, 0x00, 0x01, 0x14, 0x00, 0x00, 0x00,
  0xa8, 0x01, 0x00, 0x00, 0x0d, 0x00, 0x00, 0x00, 0x00, 0x00, 0x00, 0x02,
  0x44, 0x02, 0x00, 0x00, 0xb4, 0xe0, 0xff, 0xff, 0x08, 0x00, 0x00, 0x00,
  0x0c, 0x01, 0x00, 0x00, 0x20, 0x00, 0x00, 0x00, 0x00, 0x00, 0x00, 0x00,
  0x00, 0x00, 0x00, 0x00, 0x00, 0x00, 0x00, 0x00, 0x00, 0x00, 0x00, 0x00,
  0x00, 0x00, 0x00, 0x00, 0x00, 0x00, 0x00, 0x00, 0x00, 0x00, 0x00, 0x00,
  0x00, 0x00, 0x00, 0x00, 0x00, 0x00, 0x00, 0x00, 0x00, 0x00, 0x00, 0x00,
  0x00, 0x00, 0x00, 0x00, 0x00, 0x00, 0x00, 0x00, 0x00, 0x00, 0x00, 0x00,
  0x00, 0x00, 0x00, 0x00, 0x00, 0x00, 0x00, 0x00, 0x00, 0x00, 0x00, 0x00,
  0x00, 0x00, 0x00, 0x00, 0x00, 0x00, 0x00, 0x00, 0x00, 0x00, 0x00, 0x00,
  0x00, 0x00, 0x00, 0x00, 0x00, 0x00, 0x00, 0x00, 0x00, 0x00, 0x00, 0x00,
  0x00, 0x00, 0x00, 0x00, 0x00, 0x00, 0x00, 0x00, 0x00, 0x00, 0x00, 0x00,
  0x00, 0x00, 0x00, 0x00, 0x00, 0x00, 0x00, 0x00, 0x00, 0x00, 0x00, 0x00,
  0x00, 0x00, 0x00, 0x00, 0x00, 0x00, 0x00, 0x00, 0x00, 0x00, 0x00, 0x00,
  0x00, 0x00, 0x00, 0x00, 0x00, 0x00, 0x00, 0x00, 0x00, 0x00, 0x00, 0x00,
  0x00, 0x00, 0x00, 0x00, 0x00, 0x00, 0x00, 0x00, 0x00, 0x00, 0x00, 0x00,
  0x00, 0x00, 0x00, 0x00, 0x00, 0x00, 0x00, 0x00, 0x00, 0x00, 0x00, 0x00,
  0x00, 0x00, 0x00, 0x00, 0x00, 0x00, 0x00, 0x00, 0x00, 0x00, 0x00, 0x00,
  0x00, 0x00, 0x00, 0x00, 0x00, 0x00, 0x00, 0x00, 0x00, 0x00, 0x00, 0x00,
  0x00, 0x00, 0x00, 0x00, 0x00, 0x00, 0x00, 0x00, 0x00, 0x00, 0x00, 0x00,
  0x00, 0x00, 0x00, 0x00, 0x00, 0x00, 0x00, 0x00, 0x00, 0x00, 0x00, 0x00,
  0x00, 0x00, 0x00, 0x00, 0x00, 0x00, 0x00, 0x00, 0x00, 0x00, 0x00, 0x00,
  0x00, 0x00, 0x00, 0x00, 0x00, 0x00, 0x00, 0x00, 0x00, 0x00, 0x00, 0x00,
  0x00, 0x00, 0x00, 0x00, 0x00, 0x00, 0x00, 0x00, 0x00, 0x00, 0x00, 0x00,
  0x00, 0x00, 0x00, 0x00, 0x00, 0x00, 0x00, 0x00, 0x00, 0x00, 0x00, 0x00,
  0x00, 0x00, 0x00, 0x00, 0x20, 0x00, 0x00, 0x00, 0x04, 0xe9, 0x76, 0x39,
  0xab, 0xe9, 0xca, 0x38, 0x6c, 0x1b, 0xf7, 0x37, 0xc6, 0xbf, 0xdc, 0x38,
  0xe7, 0xfd, 0x8c, 0x38, 0x79, 0x25, 0xd2, 0x38, 0xae, 0xb5, 0xff, 0x37,
  0xc4, 0xff, 0x30, 0x39, 0x6f, 0x0c, 0x4b, 0x38, 0x43, 0x76, 0x54, 0x38,
  0x3f, 0x8f, 0x97, 0x39, 0x2f, 0xd3, 0x6e, 0x38, 0x36, 0xbc, 0x9b, 0x38,
  0xb8, 0xff, 0xf5, 0x38, 0x37, 0x3e, 0xa6, 0x38, 0x20, 0xe2, 0x7f, 0x38,
  0x1f, 0xc2, 0xaf, 0x38, 0xaf, 0x6c, 0xf7, 0x38, 0x01, 0xd9, 0x91, 0x39,
  0x28, 0x94, 0x80, 0x39, 0x9f, 0x67, 0x23, 0x38, 0x74, 0x85, 0x32, 0x39,
  0x57, 0x5b, 0xe2, 0x38, 0x93, 0x17, 0x29, 0x39, 0x7b, 0x39, 0x2c, 0x39,
  0x68, 0x68, 0xd6, 0x38, 0xc9, 0xcb, 0x19, 0x39, 0x7b, 0xb7, 0x22, 0x38,
  0x76, 0x98, 0xc8, 0x38, 0xfc, 0x47, 0x31, 0x39, 0xb6, 0x1e, 0xa5, 0x38,
  0x26, 0xc8, 0x96, 0x37, 0xa2, 0x00, 0x00, 0x00, 0x64, 0x73, 0x5f, 0x63,
  0x6e, 0x6e, 0x5f, 0x6b, 0x77, 0x73, 0x5f, 0x76, 0x31, 0x38, 0x2f, 0x72,
  0x65, 0x6c, 0x75, 0x31, 0x2f, 0x52, 0x65, 0x6c, 0x75, 0x3b, 0x64, 0x73,
  0x5f, 0x63, 0x6e, 0x6e, 0x5f, 0x6b, 0x77, 0x73, 0x5f, 0x76, 0x31, 0x38,
  0x2f, 0x62, 0x6e, 0x31, 0x2f, 0x46, 0x75, 0x73, 0x65, 0x64, 0x42, 0x61,
  0x74, 0x63, 0x68, 0x4e, 0x6f, 0x72, 0x6d, 0x56, 0x33, 0x3b, 0x64, 0x73,
  0x5f, 0x63, 0x6e, 0x6e, 0x5f, 0x6b, 0x77, 0x73, 0x5f, 0x76, 0x31, 0x38,
  0x2f, 0x63, 0x6f, 0x6e, 0x76, 0x31, 0x2f, 0x42, 0x69, 0x61, 0x73, 0x41,
  0x64, 0x64, 0x2f, 0x52, 0x65, 0x61, 0x64, 0x56, 0x61, 0x72, 0x69, 0x61,
  0x62, 0x6c, 0x65, 0x4f, 0x70, 0x3b, 0x64, 0x73, 0x5f, 0x63, 0x6e, 0x6e,
  0x5f, 0x6b, 0x77, 0x73, 0x5f, 0x76, 0x31, 0x38, 0x2f, 0x63, 0x6f, 0x6e,
  0x76, 0x31, 0x2f, 0x42, 0x69, 0x61, 0x73, 0x41, 0x64, 0x64, 0x3b, 0x64,
  0x73, 0x5f, 0x63, 0x6e, 0x6e, 0x5f, 0x6b, 0x77, 0x73, 0x5f, 0x76, 0x31,
  0x38, 0x2f, 0x63, 0x6f, 0x6e, 0x76, 0x31, 0x2f, 0x43, 0x6f, 0x6e, 0x76,
  0x32, 0x44, 0x00, 0x00, 0x01, 0x00, 0x00, 0x00, 0x20, 0x00, 0x00, 0x00,
  0xba, 0xe3, 0xff, 0xff, 0x00, 0x00, 0x00, 0x01, 0x14, 0x00, 0x00, 0x00,
  0xac, 0x01, 0x00, 0x00, 0x0c, 0x00, 0x00, 0x00, 0x00, 0x00, 0x00, 0x09,
  0x38, 0x02, 0x00, 0x00, 0x4a, 0xf6, 0xff, 0xff, 0x03, 0x00, 0x00, 0x00,
  0x08, 0x00, 0x00, 0x00, 0x0c, 0x01, 0x00, 0x00, 0x20, 0x00, 0x00, 0x00,
  0x00, 0x00, 0x00, 0x00, 0x00, 0x00, 0x00, 0x00, 0x00, 0x00, 0x00, 0x00,
  0x00, 0x00, 0x00, 0x00, 0x00, 0x00, 0x00, 0x00, 0x00, 0x00, 0x00, 0x00,
  0x00, 0x00, 0x00, 0x00, 0x00, 0x00, 0x00, 0x00, 0x00, 0x00, 0x00, 0x00,
  0x00, 0x00, 0x00, 0x00, 0x00, 0x00, 0x00, 0x00, 0x00, 0x00, 0x00, 0x00,
  0x00, 0x00, 0x00, 0x00, 0x00, 0x00, 0x00, 0x00, 0x00, 0x00, 0x00, 0x00,
  0x00, 0x00, 0x00, 0x00, 0x00, 0x00, 0x00, 0x00, 0x00, 0x00, 0x00, 0x00,
  0x00, 0x00, 0x00, 0x00, 0x00, 0x00, 0x00, 0x00, 0x00, 0x00, 0x00, 0x00,
  0x00, 0x00, 0x00, 0x00, 0x00, 0x00, 0x00, 0x00, 0x00, 0x00, 0x00, 0x00,
  0x00, 0x00, 0x00, 0x00, 0x00, 0x00, 0x00, 0x00, 0x00, 0x00, 0x00, 0x00,
  0x00, 0x00, 0x00, 0x00, 0x00, 0x00, 0x00, 0x00, 0x00, 0x00, 0x00, 0x00,
  0x00, 0x00, 0x00, 0x00, 0x00, 0x00, 0x00, 0x00, 0x00, 0x00, 0x00, 0x00,
  0x00, 0x00, 0x00, 0x00, 0x00, 0x00, 0x00, 0x00, 0x00, 0x00, 0x00, 0x00,
  0x00, 0x00, 0x00, 0x00, 0x00, 0x00, 0x00, 0x00, 0x00, 0x00, 0x00, 0x00,
  0x00, 0x00, 0x00, 0x00, 0x00, 0x00, 0x00, 0x00, 0x00, 0x00, 0x00, 0x00,
  0x00, 0x00, 0x00, 0x00, 0x00, 0x00, 0x00, 0x00, 0x00, 0x00, 0x00, 0x00,
  0x00, 0x00, 0x00, 0x00, 0x00, 0x00, 0x00, 0x00, 0x00, 0x00, 0x00, 0x00,
  0x00, 0x00, 0x00, 0x00, 0x00, 0x00, 0x00, 0x00, 0x00, 0x00, 0x00, 0x00,
  0x00, 0x00, 0x00, 0x00, 0x00, 0x00, 0x00, 0x00, 0x00, 0x00, 0x00, 0x00,
  0x00, 0x00, 0x00, 0x00, 0x00, 0x00, 0x00, 0x00, 0x00, 0x00, 0x00, 0x00,
  0x00, 0x00, 0x00, 0x00, 0x00, 0x00, 0x00, 0x00, 0x00, 0x00, 0x00, 0x00,
  0x00, 0x00, 0x00, 0x00, 0x00, 0x00, 0x00, 0x00, 0x00, 0x00, 0x00, 0x00,
  0x00, 0x00, 0x00, 0x00, 0x00, 0x00, 0x00, 0x00, 0x20, 0x00, 0x00, 0x00,
  0x7e, 0xb4, 0x45, 0x3c, 0xf5, 0x5a, 0x72, 0x3c, 0x9b, 0x87, 0xc4, 0x3b,
  0x3b, 0x4c, 0x35, 0x3c, 0xb2, 0x31, 0x4b, 0x3c, 0x99, 0x44, 0x0e, 0x3c,
  0x66, 0xb3, 0x38, 0x3c, 0xe5, 0x4a, 0x02, 0x3c, 0x2b, 0xca, 0x23, 0x3c,
  0xbc, 0x62, 0xf7, 0x3b, 0x89, 0x73, 0x46, 0x3b, 0x71, 0x28, 0x0c, 0x3c,
  0x43, 0xd5, 0xf8, 0x3b, 0x75, 0xf9, 0x2b, 0x3c, 0x39, 0x80, 0x89, 0x3b,
  0xa2, 0x21, 0x05, 0x3c, 0xbb, 0xc7, 0xd6, 0x3b, 0xfb, 0xa3, 0xa3, 0x3b,
  0xc2, 0xc5, 0x91, 0x3b, 0xd8, 0x8b, 0xb9, 0x3b, 0x2e, 0xf6, 0x83, 0x3b,
  0xfe, 0x67, 0xa3, 0x3b, 0x4f, 0xf2, 0xb1, 0x3b, 0xb5, 0xf4, 0xe3, 0x3b,
  0x7b, 0xc9, 0x2d, 0x3b, 0xa2, 0x39, 0x60, 0x3b, 0x70, 0x49, 0x75, 0x3b,
  0xbb, 0x7f, 0x44, 0x3b, 0x5a, 0x60, 0x1a, 0x3b, 0xb8, 0x04, 0x9b, 0x3b,
  0xc3, 0xf2, 0xf8, 0x3b, 0x00, 0x83, 0x88, 0x3b, 0x91, 0x00, 0x00, 0x00,
  0x64, 0x73, 0x5f, 0x63, 0x6e, 0x6e, 0x5f, 0x6b, 0x77, 0x73, 0x5f, 0x76,
  0x31, 0x38, 0x2f, 0x62, 0x6e, 0x32, 0x2f, 0x46, 0x75, 0x73, 0x65, 0x64,
  0x42, 0x61, 0x74, 0x63, 0x68, 0x4e, 0x6f, 0x72, 0x6d, 0x56, 0x33, 0x3b,
  0x64, 0x73, 0x5f, 0x63, 0x6e, 0x6e, 0x5f, 0x6b, 0x77, 0x73, 0x5f, 0x76,
  0x31, 0x38, 0x2f, 0x64, 0x77, 0x63, 0x6f, 0x6e, 0x76, 0x32, 0x2f, 0x64,
  0x65, 0x70, 0x74, 0x68, 0x77, 0x69, 0x73, 0x65, 0x3b, 0x64, 0x73, 0x5f,
  0x63, 0x6e, 0x6e, 0x5f, 0x6b, 0x77, 0x73, 0x5f, 0x76, 0x31, 0x38, 0x2f,
  0x64, 0x77, 0x63, 0x6f, 0x6e, 0x76, 0x32, 0x2f, 0x42, 0x69, 0x61, 0x73,
  0x41, 0x64, 0x64, 0x3b, 0x64, 0x73, 0x5f, 0x63, 0x6e, 0x6e, 0x5f, 0x6b,
  0x77, 0x73, 0x5f, 0x76, 0x31, 0x38, 0x2f, 0x64, 0x77, 0x63, 0x6f, 0x6e,
  0x76, 0x32, 0x2f, 0x42, 0x69, 0x61, 0x73, 0x41, 0x64, 0x64, 0x2f, 0x52,
  0x65, 0x61, 0x64, 0x56, 0x61, 0x72, 0x69, 0x61, 0x62, 0x6c, 0x65, 0x4f,
  0x70, 0x00, 0x00, 0x00, 0x04, 0x00, 0x00, 0x00, 0x01, 0x00, 0x00, 0x00,
  0x03, 0x00, 0x00, 0x00, 0x03, 0x00, 0x00, 0x00, 0x20, 0x00, 0x00, 0x00,
  0x1e, 0xe6, 0xff, 0xff, 0x00, 0x00, 0x00, 0x01, 0x14, 0x00, 0x00, 0x00,
  0xa8, 0x01, 0x00, 0x00, 0x0b, 0x00, 0x00, 0x00, 0x00, 0x00, 0x00, 0x02,
  0x4c, 0x02, 0x00, 0x00, 0x7c, 0xe5, 0xff, 0xff, 0x08, 0x00, 0x00, 0x00,
  0x0c, 0x01, 0x00, 0x00, 0x20, 0x00, 0x00, 0x00, 0x00, 0x00, 0x00, 0x00,
  0x00, 0x00, 0x00, 0x00, 0x00, 0x00, 0x00, 0x00, 0x00, 0x00, 0x00, 0x00,
  0x00, 0x00, 0x00, 0x00, 0x00, 0x00, 0x00, 0x00, 0x00, 0x00, 0x00, 0x00,
  0x00, 0x00, 0x00, 0x00, 0x00, 0x00, 0x00, 0x00, 0x00, 0x00, 0x00, 0x00,
  0x00, 0x00, 0x00, 0x00, 0x00, 0x00, 0x00, 0x00, 0x00, 0x00, 0x00, 0x00,
  0x00, 0x00, 0x00, 0x00, 0x00, 0x00, 0x00, 0x00, 0x00, 0x00, 0x00, 0x00,
  0x00, 0x00, 0x00, 0x00, 0x00, 0x00, 0x00, 0x00, 0x00, 0x00, 0x00, 0x00,
  0x00, 0x00, 0x00, 0x00, 0x00, 0x00, 0x00, 0x00, 0x00, 0x00, 0x00, 0x00,
  0x00, 0x00, 0x00, 0x00, 0x00, 0x00, 0x00, 0x00, 0x00, 0x00, 0x00, 0x00,
  0x00, 0x00, 0x00, 0x00, 0x00, 0x00, 0x00, 0x00, 0x00, 0x00, 0x00, 0x00,
  0x00, 0x00, 0x00, 0x00, 0x00, 0x00, 0x00, 0x00, 0x00, 0x00, 0x00, 0x00,
  0x00, 0x00, 0x00, 0x00, 0x00, 0x00, 0x00, 0x00, 0x00, 0x00, 0x00, 0x00,
  0x00, 0x00, 0x00, 0x00, 0x00, 0x00, 0x00, 0x00, 0x00, 0x00, 0x00, 0x00,
  0x00, 0x00, 0x00, 0x00, 0x00, 0x00, 0x00, 0x00, 0x00, 0x00, 0x00, 0x00,
  0x00, 0x00, 0x00, 0x00, 0x00, 0x00, 0x00, 0x00, 0x00, 0x00, 0x00, 0x00,
  0x00, 0x00, 0x00, 0x00, 0x00, 0x00, 0x00, 0x00, 0x00, 0x00, 0x00, 0x00,
  0x00, 0x00, 0x00, 0x00, 0x00, 0x00, 0x00, 0x00, 0x00, 0x00, 0x00, 0x00,
  0x00, 0x00, 0x00, 0x00, 0x00, 0x00, 0x00, 0x00, 0x00, 0x00, 0x00, 0x00,
  0x00, 0x00, 0x00, 0x00, 0x00, 0x00, 0x00, 0x00, 0x00, 0x00, 0x00, 0x00,
  0x00, 0x00, 0x00, 0x00, 0x00, 0x00, 0x00, 0x00, 0x00, 0x00, 0x00, 0x00,
  0x00, 0x00, 0x00, 0x00, 0x00, 0x00, 0x00, 0x00, 0x00, 0x00, 0x00, 0x00,
  0x00, 0x00, 0x00, 0x00, 0x00, 0x00, 0x00, 0x00, 0x00, 0x00, 0x00, 0x00,
  0x00, 0x00, 0x00, 0x00, 0x20, 0x00, 0x00, 0x00, 0xa3, 0x3b, 0xa4, 0x39,
  0xe3, 0x52, 0xc9, 0x39, 0xb1, 0x41, 0x23, 0x39, 0x7e, 0x9a, 0x96, 0x39,
  0xef, 0xca, 0xa8, 0x39, 0xf3, 0x5c, 0x6c, 0x39, 0x2b, 0x6e, 0x99, 0x39,
  0x9c, 0x77, 0x58, 0x39, 0x42, 0x0f, 0x88, 0x39, 0xa4, 0x80, 0x4d, 0x39,
  0x56, 0xda, 0xa4, 0x38, 0x8a, 0xdb, 0x68, 0x39, 0x70, 0xb4, 0x4e, 0x39,
  0xcf, 0xdb, 0x8e, 0x39, 0x6d, 0x71, 0xe4, 0x38, 0x02, 0x2f, 0x5d, 0x39,
  0xcf, 0x6a, 0x32, 0x39, 0x89, 0xef, 0x07, 0x39, 0x7c, 0x2f, 0xf2, 0x38,
  0xf8, 0x21, 0x1a, 0x39, 0x80, 0x3d, 0xdb, 0x38, 0xb4, 0xbd, 0x07, 0x39,
  0xd2, 0xd1, 0x13, 0x39, 0xbb, 0x5c, 0x3d, 0x39, 0x45, 0x5d, 0x90, 0x38,
  0x5b, 0x43, 0xba, 0x38, 0x4f, 0xc2, 0xcb, 0x38, 0x26, 0x3b, 0xa3, 0x38,
  0x6e, 0x3d, 0x80, 0x38, 0xf8, 0xc5, 0x00, 0x39, 0xf1, 0xcc, 0x4e, 0x39,
  0xb9, 0xcc, 0xe2, 0x38, 0xab, 0x00, 0x00, 0x00, 0x64, 0x73, 0x5f, 0x63,
  0x6e, 0x6e, 0x5f, 0x6b, 0x77, 0x73, 0x5f, 0x76, 0x31, 0x38, 0x2f, 0x72,
  0x65, 0x6c, 0x75, 0x32, 0x2f, 0x52, 0x65, 0x6c, 0x75, 0x3b, 0x64, 0x73,
  0x5f, 0x63, 0x6e, 0x6e, 0x5f, 0x6b, 0x77, 0x73, 0x5f, 0x76, 0x31, 0x38,
  0x2f, 0x62, 0x6e, 0x32, 0x2f, 0x46, 0x75, 0x73, 0x65, 0x64, 0x42, 0x61,
  0x74, 0x63, 0x68, 0x4e, 0x6f, 0x72, 0x6d, 0x56, 0x33, 0x3b, 0x64, 0x73,
  0x5f, 0x63, 0x6e, 0x6e, 0x5f, 0x6b, 0x77, 0x73, 0x5f, 0x76, 0x31, 0x38,
  0x2f, 0x64, 0x77, 0x63, 0x6f, 0x6e, 0x76, 0x32, 0x2f, 0x64, 0x65, 0x70,
  0x74, 0x68, 0x77, 0x69, 0x73, 0x65, 0x3b, 0x64, 0x73, 0x5f, 0x63, 0x6e,
  0x6e, 0x5f, 0x6b, 0x77, 0x73, 0x5f, 0x76, 0x31, 0x38, 0x2f, 0x64, 0x77,
  0x63, 0x6f, 0x6e, 0x76, 0x32, 0x2f, 0x42, 0x69, 0x61, 0x73, 0x41, 0x64,
  0x64, 0x3b, 0x64, 0x73, 0x5f, 0x63, 0x6e, 0x6e, 0x5f, 0x6b, 0x77, 0x73,
  0x5f, 0x76, 0x31, 0x38, 0x2f, 0x64, 0x77, 0x63, 0x6f, 0x6e, 0x76, 0x32,
  0x2f, 0x42, 0x69, 0x61, 0x73, 0x41, 0x64, 0x64, 0x2f, 0x52, 0x65, 0x61,
  0x64, 0x56, 0x61, 0x72, 0x69, 0x61, 0x62, 0x6c, 0x65, 0x4f, 0x70, 0x00,
  0x01, 0x00, 0x00, 0x00, 0x20, 0x00, 0x00, 0x00, 0x8a, 0xe8, 0xff, 0xff,
  0x00, 0x00, 0x00, 0x01, 0x14, 0x00, 0x00, 0x00, 0xac, 0x01, 0x00, 0x00,
  0x0a, 0x00, 0x00, 0x00, 0x00, 0x00, 0x00, 0x09, 0x38, 0x02, 0x00, 0x00,
  0x1a, 0xfb, 0xff, 0xff, 0x03, 0x00, 0x00, 0x00, 0x08, 0x00, 0x00, 0x00,
  0x0c, 0x01, 0x00, 0x00, 0x20, 0x00, 0x00, 0x00, 0x00, 0x00, 0x00, 0x00,
  0x00, 0x00, 0x00, 0x00, 0x00, 0x00, 0x00, 0x00, 0x00, 0x00, 0x00, 0x00,
  0x00, 0x00, 0x00, 0x00, 0x00, 0x00, 0x00, 0x00, 0x00, 0x00, 0x00, 0x00,
  0x00, 0x00, 0x00, 0x00, 0x00, 0x00, 0x00, 0x00, 0x00, 0x00, 0x00, 0x00,
  0x00, 0x00, 0x00, 0x00, 0x00, 0x00, 0x00, 0x00, 0x00, 0x00, 0x00, 0x00,
  0x00, 0x00, 0x00, 0x00, 0x00, 0x00, 0x00, 0x00, 0x00, 0x00, 0x00, 0x00,
  0x00, 0x00, 0x00, 0x00, 0x00, 0x00, 0x00, 0x00, 0x00, 0x00, 0x00, 0x00,
  0x00, 0x00, 0x00, 0x00, 0x00, 0x00, 0x00, 0x00, 0x00, 0x00, 0x00, 0x00,
  0x00, 0x00, 0x00, 0x00, 0x00, 0x00, 0x00, 0x00, 0x00, 0x00, 0x00, 0x00,
  0x00, 0x00, 0x00, 0x00, 0x00, 0x00, 0x00, 0x00, 0x00, 0x00, 0x00, 0x00,
  0x00, 0x00, 0x00, 0x00, 0x00, 0x00, 0x00, 0x00, 0x00, 0x00, 0x00, 0x00,
  0x00, 0x00, 0x00, 0x00, 0x00, 0x00, 0x00, 0x00, 0x00, 0x00, 0x00, 0x00,
  0x00, 0x00, 0x00, 0x00, 0x00, 0x00, 0x00, 0x00, 0x00, 0x00, 0x00, 0x00,
  0x00, 0x00, 0x00, 0x00, 0x00, 0x00, 0x00, 0x00, 0x00, 0x00, 0x00, 0x00,
  0x00, 0x00, 0x00, 0x00, 0x00, 0x00, 0x00, 0x00, 0x00, 0x00, 0x00, 0x00,
  0x00, 0x00, 0x00, 0x00, 0x00, 0x00, 0x00, 0x00, 0x00, 0x00, 0x00, 0x00,
  0x00, 0x00, 0x00, 0x00, 0x00, 0x00, 0x00, 0x00, 0x00, 0x00, 0x00, 0x00,
  0x00, 0x00, 0x00, 0x00, 0x00, 0x00, 0x00, 0x00, 0x00, 0x00, 0x00, 0x00,
  0x00, 0x00, 0x00, 0x00, 0x00, 0x00, 0x00, 0x00, 0x00, 0x00, 0x00, 0x00,
  0x00, 0x00, 0x00, 0x00, 0x00, 0x00, 0x00, 0x00, 0x00, 0x00, 0x00, 0x00,
  0x00, 0x00, 0x00, 0x00, 0x00, 0x00, 0x00, 0x00, 0x00, 0x00, 0x00, 0x00,
  0x00, 0x00, 0x00, 0x00, 0x00, 0x00, 0x00, 0x00, 0x00, 0x00, 0x00, 0x00,
  0x00, 0x00, 0x00, 0x00, 0x20, 0x00, 0x00, 0x00, 0xd9, 0xc6, 0x65, 0x3b,
  0xd9, 0xf0, 0x45, 0x3b, 0x62, 0xfe, 0xa1, 0x3b, 0x36, 0xd4, 0xab, 0x3b,
  0x23, 0xe3, 0x82, 0x3b, 0x5f, 0x69, 0x04, 0x3c, 0xa1, 0x6f, 0x44, 0x3c,
  0xa2, 0x10, 0x94, 0x3c, 0x9c, 0xfa, 0xdf, 0x3b, 0x99, 0xa1, 0x2c, 0x3c,
  0x89, 0xe4, 0x42, 0x3c, 0xed, 0xa7, 0xed, 0x3b, 0x49, 0x99, 0x8e, 0x3c,
  0xe3, 0xd9, 0x40, 0x3b, 0x37, 0x8e, 0xe5, 0x3b, 0x82, 0xa9, 0x6b, 0x3c,
  0xf8, 0x1d, 0x03, 0x3c, 0xd5, 0x33, 0xfb, 0x3b, 0x1a, 0x1e, 0xea, 0x3b,
  0xd5, 0x7f, 0x28, 0x3b, 0x61, 0xf4, 0xbf, 0x3b, 0x6d, 0x92, 0xa7, 0x3b,
  0x5c, 0x94, 0x43, 0x3c, 0x07, 0xdf, 0x7b, 0x3b, 0xb0, 0xcb, 0xaf, 0x3c,
  0x3d, 0x26, 0x34, 0x3c, 0xb4, 0x08, 0x23, 0x3c, 0xd9, 0x54, 0x6a, 0x3b,
  0x05, 0x74, 0x3e, 0x3c, 0xc8, 0x32, 0xf9, 0x3b, 0x92, 0x72, 0x94, 0x3c,
  0xba, 0xcd, 0x44, 0x3c, 0x91, 0x00, 0x00, 0x00, 0x64, 0x73, 0x5f, 0x63,
  0x6e, 0x6e, 0x5f, 0x6b, 0x77, 0x73, 0x5f, 0x76, 0x31, 0x38, 0x2f, 0x62,
  0x6e, 0x33, 0x2f, 0x46, 0x75, 0x73, 0x65, 0x64, 0x42, 0x61, 0x74, 0x63,
  0x68, 0x4e, 0x6f, 0x72, 0x6d, 0x56, 0x33, 0x3b, 0x64, 0x73, 0x5f, 0x63,
  0x6e, 0x6e, 0x5f, 0x6b, 0x77, 0x73, 0x5f, 0x76, 0x31, 0x38, 0x2f, 0x64,
  0x77, 0x63, 0x6f, 0x6e, 0x76, 0x33, 0x2f, 0x64, 0x65, 0x70, 0x74, 0x68,
  0x77, 0x69, 0x73, 0x65, 0x3b, 0x64, 0x73, 0x5f, 0x63, 0x6e, 0x6e, 0x5f,
  0x6b, 0x77, 0x73, 0x5f, 0x76, 0x31, 0x38, 0x2f, 0x64, 0x77, 0x63, 0x6f,
  0x6e, 0x76, 0x33, 0x2f, 0x42, 0x69, 0x61, 0x73, 0x41, 0x64, 0x64, 0x3b,
  0x64, 0x73, 0x5f, 0x63, 0x6e, 0x6e, 0x5f, 0x6b, 0x77, 0x73, 0x5f, 0x76,
  0x31, 0x38, 0x2f, 0x64, 0x77, 0x63, 0x6f, 0x6e, 0x76, 0x33, 0x2f, 0x42,
  0x69, 0x61, 0x73, 0x41, 0x64, 0x64, 0x2f, 0x52, 0x65, 0x61, 0x64, 0x56,
  0x61, 0x72, 0x69, 0x61, 0x62, 0x6c, 0x65, 0x4f, 0x70, 0x00, 0x00, 0x00,
  0x04, 0x00, 0x00, 0x00, 0x01, 0x00, 0x00, 0x00, 0x03, 0x00, 0x00, 0x00,
  0x03, 0x00, 0x00, 0x00, 0x20, 0x00, 0x00, 0x00, 0xee, 0xea, 0xff, 0xff,
  0x00, 0x00, 0x00, 0x01, 0x14, 0x00, 0x00, 0x00, 0xa4, 0x01, 0x00, 0x00,
  0x09, 0x00, 0x00, 0x00, 0x00, 0x00, 0x00, 0x02, 0x48, 0x02, 0x00, 0x00,
  0x4c, 0xea, 0xff, 0xff, 0x08, 0x00, 0x00, 0x00, 0x08, 0x01, 0x00, 0x00,
  0x20, 0x00, 0x00, 0x00, 0x00, 0x00, 0x00, 0x00, 0x00, 0x00, 0x00, 0x00,
  0x00, 0x00, 0x00, 0x00, 0x00, 0x00, 0x00, 0x00, 0x00, 0x00, 0x00, 0x00,
  0x00, 0x00, 0x00, 0x00, 0x00, 0x00, 0x00, 0x00, 0x00, 0x00, 0x00, 0x00,
  0x00, 0x00, 0x00, 0x00, 0x00, 0x00, 0x00, 0x00, 0x00, 0x00, 0x00, 0x00,
  0x00, 0x00, 0x00, 0x00, 0x00, 0x00, 0x00, 0x00, 0x00, 0x00, 0x00, 0x00,
  0x00, 0x00, 0x00, 0x00, 0x00, 0x00, 0x00, 0x00, 0x00, 0x00, 0x00, 0x00,
  0x00, 0x00, 0x00, 0x00, 0x00, 0x00, 0x00, 0x00, 0x00, 0x00, 0x00, 0x00,
  0x00, 0x00, 0x00, 0x00, 0x00, 0x00, 0x00, 0x00, 0x00, 0x00, 0x00, 0x00,
  0x00, 0x00, 0x00, 0x00, 0x00, 0x00, 0x00, 0x00, 0x00, 0x00, 0x00, 0x00,
  0x00, 0x00, 0x00, 0x00, 0x00, 0x00, 0x00, 0x00, 0x00, 0x00, 0x00, 0x00,
  0x00, 0x00, 0x00, 0x00, 0x00, 0x00, 0x00, 0x00, 0x00, 0x00, 0x00, 0x00,
  0x00, 0x00, 0x00, 0x00, 0x00, 0x00, 0x00, 0x00, 0x00, 0x00, 0x00, 0x00,
  0x00, 0x00, 0x00, 0x00, 0x00, 0x00, 0x00, 0x00, 0x00, 0x00, 0x00, 0x00,
  0x00, 0x00, 0x00, 0x00, 0x00, 0x00, 0x00, 0x00, 0x00, 0x00, 0x00, 0x00,
  0x00, 0x00, 0x00, 0x00, 0x00, 0x00, 0x00, 0x00, 0x00, 0x00, 0x00, 0x00,
  0x00, 0x00, 0x00, 0x00, 0x00, 0x00, 0x00, 0x00, 0x00, 0x00, 0x00, 0x00,
  0x00, 0x00, 0x00, 0x00, 0x00, 0x00, 0x00, 0x00, 0x00, 0x00, 0x00, 0x00,
  0x00, 0x00, 0x00, 0x00, 0x00, 0x00, 0x00, 0x00, 0x00, 0x00, 0x00, 0x00,
  0x00, 0x00, 0x00, 0x00, 0x00, 0x00, 0x00, 0x00, 0x00, 0x00, 0x00, 0x00,
  0x00, 0x00, 0x00, 0x00, 0x00, 0x00, 0x00, 0x00, 0x00, 0x00, 0x00, 0x00,
  0x00, 0x00, 0x00, 0x00, 0x00, 0x00, 0x00, 0x00, 0x00, 0x00, 0x00, 0x00,
  0x00, 0x00, 0x00, 0x00, 0x00, 0x00, 0x00, 0x00, 0x20, 0x00, 0x00, 0x00,
  0xaf, 0x0c, 0x0e, 0x39, 0x99, 0xbc, 0xf4, 0x38, 0x8c, 0x4a, 0x48, 0x39,
  0x9f, 0x73, 0x54, 0x39, 0xae, 0xd4, 0x21, 0x39, 0x2c, 0xb7, 0xa3, 0x39,
  0x4f, 0xe0, 0xf2, 0x39, 0xce, 0x11, 0x37, 0x3a, 0x1e, 0x77, 0x8a, 0x39,
  0x91, 0x71, 0xd5, 0x39, 0xcf, 0xf7, 0xf0, 0x39, 0xa8, 0xeb, 0x92, 0x39,
  0xa2, 0x4f, 0x30, 0x3a, 0x99, 0x71, 0xee, 0x38, 0xac, 0xe9, 0x8d, 0x39,
  0x1d, 0xb0, 0x11, 0x3a, 0x6c, 0x1d, 0xa2, 0x39, 0x8a, 0x4b, 0x9b, 0x39,
  0xab, 0xbb, 0x90, 0x39, 0xbb, 0x55, 0xd0, 0x38, 0xd5, 0x55, 0x6d, 0x39,
  0x32, 0x30, 0x4f, 0x39, 0x33, 0xd1, 0xf1, 0x39, 0x60, 0xb5, 0x1b, 0x39,
  0x2c, 0x5b, 0x59, 0x3a, 0x38, 0xbd, 0xde, 0x39, 0xd4, 0x93, 0xc9, 0x39,
  0x83, 0xdd, 0x10, 0x39, 0x9b, 0x7a, 0xeb, 0x39, 0x5e, 0x0e, 0x9a, 0x39,
  0xe5, 0x8a, 0x37, 0x3a, 0xa7, 0x54, 0xf3, 0x39, 0xab, 0x00, 0x00, 0x00,
  0x64, 0x73, 0x5f, 0x63, 0x6e, 0x6e, 0x5f, 0x6b, 0x77, 0x73, 0x5f, 0x76,
  0x31, 0x38, 0x2f, 0x72, 0x65, 0x6c, 0x75, 0x33, 0x2f, 0x52, 0x65, 0x6c,
  0x75, 0x3b, 0x64, 0x73, 0x5f, 0x63, 0x6e, 0x6e, 0x5f, 0x6b, 0x77, 0x73,
  0x5f, 0x76, 0x31, 0x38, 0x2f, 0x62, 0x6e, 0x33, 0x2f, 0x46, 0x75, 0x73,
  0x65, 0x64, 0x42, 0x61, 0x74, 0x63, 0x68, 0x4e, 0x6f, 0x72, 0x6d, 0x56,
  0x33, 0x3b, 0x64, 0x73, 0x5f, 0x63, 0x6e, 0x6e, 0x5f, 0x6b, 0x77, 0x73,
  0x5f, 0x76, 0x31, 0x38, 0x2f, 0x64, 0x77, 0x63, 0x6f, 0x6e, 0x76, 0x33,
  0x2f, 0x64, 0x65, 0x70, 0x74, 0x68, 0x77, 0x69, 0x73, 0x65, 0x3b, 0x64,
  0x73, 0x5f, 0x63, 0x6e, 0x6e, 0x5f, 0x6b, 0x77, 0x73, 0x5f, 0x76, 0x31,
  0x38, 0x2f, 0x64, 0x77, 0x63, 0x6f, 0x6e, 0x76, 0x33, 0x2f, 0x42, 0x69,
  0x61, 0x73, 0x41, 0x64, 0x64, 0x3b, 0x64, 0x73, 0x5f, 0x63, 0x6e, 0x6e,
  0x5f, 0x6b, 0x77, 0x73, 0x5f, 0x76, 0x31, 0x38, 0x2f, 0x64, 0x77, 0x63,
  0x6f, 0x6e, 0x76, 0x33, 0x2f, 0x42, 0x69, 0x61, 0x73, 0x41, 0x64, 0x64,
  0x2f, 0x52, 0x65, 0x61, 0x64, 0x56, 0x61, 0x72, 0x69, 0x61, 0x62, 0x6c,
  0x65, 0x4f, 0x70, 0x00, 0x01, 0x00, 0x00, 0x00, 0x20, 0x00, 0x00, 0x00,
  0x00, 0x00, 0x16, 0x00, 0x1e, 0x00, 0x18, 0x00, 0x17, 0x00, 0x10, 0x00,
  0x0c, 0x00, 0x08, 0x00, 0x00, 0x00, 0x00, 0x00, 0x00, 0x00, 0x07, 0x00,
  0x16, 0x00, 0x00, 0x00, 0x00, 0x00, 0x00, 0x01, 0x28, 0x00, 0x00, 0x00,
  0xc0, 0x01, 0x00, 0x00, 0x08, 0x00, 0x00, 0x00, 0x00, 0x00, 0x00, 0x09,
  0x4c, 0x02, 0x00, 0x00, 0x00, 0x00, 0x12, 0x00, 0x10, 0x00, 0x00, 0x00,
  0x00, 0x00, 0x0c, 0x00, 0x08, 0x00, 0x00, 0x00, 0x00, 0x00, 0x04, 0x00,
  0x12, 0x00, 0x00, 0x00, 0x03, 0x00, 0x00, 0x00, 0x08, 0x00, 0x00, 0x00,
  0x0c, 0x01, 0x00, 0x00, 0x20, 0x00, 0x00, 0x00, 0x00, 0x00, 0x00, 0x00,
  0x00, 0x00, 0x00, 0x00, 0x00, 0x00, 0x00, 0x00, 0x00, 0x00, 0x00, 0x00,
  0x00, 0x00, 0x00, 0x00, 0x00, 0x00, 0x00, 0x00, 0x00, 0x00, 0x00, 0x00,
  0x00, 0x00, 0x00, 0x00, 0x00, 0x00, 0x00, 0x00, 0x00, 0x00, 0x00, 0x00,
  0x00, 0x00, 0x00, 0x00, 0x00, 0x00, 0x00, 0x00, 0x00, 0x00, 0x00, 0x00,
  0x00, 0x00, 0x00, 0x00, 0x00, 0x00, 0x00, 0x00, 0x00, 0x00, 0x00, 0x00,
  0x00, 0x00, 0x00, 0x00, 0x00, 0x00, 0x00, 0x00, 0x00, 0x00, 0x00, 0x00,
  0x00, 0x00, 0x00, 0x00, 0x00, 0x00, 0x00, 0x00, 0x00, 0x00, 0x00, 0x00,
  0x00, 0x00, 0x00, 0x00, 0x00, 0x00, 0x00, 0x00, 0x00, 0x00, 0x00, 0x00,
  0x00, 0x00, 0x00, 0x00, 0x00, 0x00, 0x00, 0x00, 0x00, 0x00, 0x00, 0x00,
  0x00, 0x00, 0x00, 0x00, 0x00, 0x00, 0x00, 0x00, 0x00, 0x00, 0x00, 0x00,
  0x00, 0x00, 0x00, 0x00, 0x00, 0x00, 0x00, 0x00, 0x00, 0x00, 0x00, 0x00,
  0x00, 0x00, 0x00, 0x00, 0x00, 0x00, 0x00, 0x00, 0x00, 0x00, 0x00, 0x00,
  0x00, 0x00, 0x00, 0x00, 0x00, 0x00, 0x00, 0x00, 0x00, 0x00, 0x00, 0x00,
  0x00, 0x00, 0x00, 0x00, 0x00, 0x00, 0x00, 0x00, 0x00, 0x00, 0x00, 0x00,
  0x00, 0x00, 0x00, 0x00, 0x00, 0x00, 0x00, 0x00, 0x00, 0x00, 0x00, 0x00,
  0x00, 0x00, 0x00, 0x00, 0x00, 0x00, 0x00, 0x00, 0x00, 0x00, 0x00, 0x00,
  0x00, 0x00, 0x00, 0x00, 0x00, 0x00, 0x00, 0x00, 0x00, 0x00, 0x00, 0x00,
  0x00, 0x00, 0x00, 0x00, 0x00, 0x00, 0x00, 0x00, 0x00, 0x00, 0x00, 0x00,
  0x00, 0x00, 0x00, 0x00, 0x00, 0x00, 0x00, 0x00, 0x00, 0x00, 0x00, 0x00,
  0x00, 0x00, 0x00, 0x00, 0x00, 0x00, 0x00, 0x00, 0x00, 0x00, 0x00, 0x00,
  0x00, 0x00, 0x00, 0x00, 0x00, 0x00, 0x00, 0x00, 0x00, 0x00, 0x00, 0x00,
  0x00, 0x00, 0x00, 0x00, 0x20, 0x00, 0x00, 0x00, 0xd5, 0xe8, 0xe1, 0x3c,
  0xd3, 0xfe, 0x6e, 0x3c, 0x1d, 0x36, 0x3a, 0x3d, 0x38, 0x61, 0x01, 0x3c,
  0x5d, 0xf9, 0x95, 0x3c, 0x3d, 0xd6, 0x0a, 0x3c, 0x13, 0x90, 0x1f, 0x3c,
  0x81, 0x46, 0x26, 0x3c, 0x30, 0x4a, 0x0f, 0x3c, 0xb9, 0xaf, 0xe1, 0x3b,
  0xa4, 0x9e, 0x35, 0x3c, 0x85, 0x46, 0xb3, 0x3c, 0x30, 0x10, 0xfd, 0x3b,
  0xe8, 0xa0, 0xdb, 0x3c, 0xea, 0xba, 0x4c, 0x3c, 0x25, 0xdb, 0xbc, 0x3b,
  0xe4, 0xa0, 0xc0, 0x3b, 0xed, 0xae, 0x85, 0x3c, 0xec, 0x37, 0x1e, 0x3c,
  0xc8, 0x06, 0x5e, 0x3c, 0x88, 0xdd, 0xa2, 0x3c, 0x9c, 0xcd, 0x3f, 0x3c,
  0x7a, 0x30, 0xe3, 0x3b, 0xfb, 0x3e, 0x8a, 0x3c, 0x67, 0xd7, 0x2a, 0x3c,
  0x46, 0x54, 0x02, 0x3d, 0xb7, 0x8a, 0x78, 0x3c, 0x03, 0x0a, 0xdf, 0x3c,
  0xbf, 0xfa, 0x86, 0x3c, 0x76, 0x3f, 0x65, 0x3c, 0x2e, 0x96, 0x5c, 0x3c,
  0xbc, 0x07, 0x68, 0x3d, 0x91, 0x00, 0x00, 0x00, 0x64, 0x73, 0x5f, 0x63,
  0x6e, 0x6e, 0x5f, 0x6b, 0x77, 0x73, 0x5f, 0x76, 0x31, 0x38, 0x2f, 0x62,
  0x6e, 0x34, 0x2f, 0x46, 0x75, 0x73, 0x65, 0x64, 0x42, 0x61, 0x74, 0x63,
  0x68, 0x4e, 0x6f, 0x72, 0x6d, 0x56, 0x33, 0x3b, 0x64, 0x73, 0x5f, 0x63,
  0x6e, 0x6e, 0x5f, 0x6b, 0x77, 0x73, 0x5f, 0x76, 0x31, 0x38, 0x2f, 0x64,
  0x77, 0x63, 0x6f, 0x6e, 0x76, 0x34, 0x2f, 0x64, 0x65, 0x70, 0x74, 0x68,
  0x77, 0x69, 0x73, 0x65, 0x3b, 0x64, 0x73, 0x5f, 0x63, 0x6e, 0x6e, 0x5f,
  0x6b, 0x77, 0x73, 0x5f, 0x76, 0x31, 0x38, 0x2f, 0x64, 0x77, 0x63, 0x6f,
  0x6e, 0x76, 0x34, 0x2f, 0x42, 0x69, 0x61, 0x73, 0x41, 0x64, 0x64, 0x3b,
  0x64, 0x73, 0x5f, 0x63, 0x6e, 0x6e, 0x5f, 0x6b, 0x77, 0x73, 0x5f, 0x76,
  0x31, 0x38, 0x2f, 0x64, 0x77, 0x63, 0x6f, 0x6e, 0x76, 0x34, 0x2f, 0x42,
  0x69, 0x61, 0x73, 0x41, 0x64, 0x64, 0x2f, 0x52, 0x65, 0x61, 0x64, 0x56,
  0x61, 0x72, 0x69, 0x61, 0x62, 0x6c, 0x65, 0x4f, 0x70, 0x00, 0x00, 0x00,
  0x04, 0x00, 0x00, 0x00, 0x01, 0x00, 0x00, 0x00, 0x03, 0x00, 0x00, 0x00,
  0x03, 0x00, 0x00, 0x00, 0x20, 0x00, 0x00, 0x00, 0xe6, 0xef, 0xff, 0xff,
  0x00, 0x00, 0x00, 0x01, 0x14, 0x00, 0x00, 0x00, 0xa4, 0x01, 0x00, 0x00,
  0x07, 0x00, 0x00, 0x00, 0x00, 0x00, 0x00, 0x02, 0x48, 0x02, 0x00, 0x00,
  0x44, 0xef, 0xff, 0xff, 0x08, 0x00, 0x00, 0x00, 0x08, 0x01, 0x00, 0x00,
  0x20, 0x00, 0x00, 0x00, 0x00, 0x00, 0x00, 0x00, 0x00, 0x00, 0x00, 0x00,
  0x00, 0x00, 0x00, 0x00, 0x00, 0x00, 0x00, 0x00, 0x00, 0x00, 0x00, 0x00,
  0x00, 0x00, 0x00, 0x00, 0x00, 0x00, 0x00, 0x00, 0x00, 0x00, 0x00, 0x00,
  0x00, 0x00, 0x00, 0x00, 0x00, 0x00, 0x00, 0x00, 0x00, 0x00, 0x00, 0x00,
  0x00, 0x00, 0x00, 0x00, 0x00, 0x00, 0x00, 0x00, 0x00, 0x00, 0x00, 0x00,
  0x00, 0x00, 0x00, 0x00, 0x00, 0x00, 0x00, 0x00, 0x00, 0x00, 0x00, 0x00,
  0x00, 0x00, 0x00, 0x00, 0x00, 0x00, 0x00, 0x00, 0x00, 0x00, 0x00, 0x00,
  0x00, 0x00, 0x00, 0x00, 0x00, 0x00, 0x00, 0x00, 0x00, 0x00, 0x00, 0x00,
  0x00, 0x00, 0x00, 0x00, 0x00, 0x00, 0x00, 0x00, 0x00, 0x00, 0x00, 0x00,
  0x00, 0x00, 0x00, 0x00, 0x00, 0x00, 0x00, 0x00, 0x00, 0x00, 0x00, 0x00,
  0x00, 0x00, 0x00, 0x00, 0x00, 0x00, 0x00, 0x00, 0x00, 0x00, 0x00, 0x00,
  0x00, 0x00, 0x00, 0x00, 0x00, 0x00, 0x00, 0x00, 0x00, 0x00, 0x00, 0x00,
  0x00, 0x00, 0x00, 0x00, 0x00, 0x00, 0x00, 0x00, 0x00, 0x00, 0x00, 0x00,
  0x00, 0x00, 0x00, 0x00, 0x00, 0x00, 0x00, 0x00, 0x00, 0x00, 0x00, 0x00,
  0x00, 0x00, 0x00, 0x00, 0x00, 0x00, 0x00, 0x00, 0x00, 0x00, 0x00, 0x00,
  0x00, 0x00, 0x00, 0x00, 0x00, 0x00, 0x00, 0x00, 0x00, 0x00, 0x00, 0x00,
  0x00, 0x00, 0x00, 0x00, 0x00, 0x00, 0x00, 0x00, 0x00, 0x00, 0x00, 0x00,
  0x00, 0x00, 0x00, 0x00, 0x00, 0x00, 0x00, 0x00, 0x00, 0x00, 0x00, 0x00,
  0x00, 0x00, 0x00, 0x00, 0x00, 0x00, 0x00, 0x00, 0x00, 0x00, 0x00, 0x00,
  0x00, 0x00, 0x00, 0x00, 0x00, 0x00, 0x00, 0x00, 0x00, 0x00, 0x00, 0x00,
  0x00, 0x00, 0x00, 0x00, 0x00, 0x00, 0x00, 0x00, 0x00, 0x00, 0x00, 0x00,
  0x00, 0x00, 0x00, 0x00, 0x00, 0x00, 0x00, 0x00, 0x20, 0x00, 0x00, 0x00,
  0xb2, 0x9d, 0x55, 0x3a, 0x64, 0xfd, 0xe1, 0x39, 0x03, 0x14, 0xb0, 0x3a,
  0xac, 0xad, 0x74, 0x39, 0x15, 0xd0, 0x0d, 0x3a, 0x1c, 0x48, 0x83, 0x39,
  0x36, 0xe1, 0x96, 0x39, 0x21, 0x3a, 0x9d, 0x39, 0x06, 0x7e, 0x87, 0x39,
  0xb2, 0x67, 0x55, 0x39, 0x81, 0xbc, 0xab, 0x39, 0x0b, 0x85, 0x29, 0x3a,
  0xc6, 0x4a, 0x6f, 0x39, 0x45, 0xad, 0x4f, 0x3a, 0xd4, 0x96, 0xc1, 0x39,
  0x33, 0x94, 0x32, 0x39, 0x64, 0x25, 0x36, 0x39, 0x2e, 0xd1, 0xfc, 0x39,
  0xca, 0x9b, 0x95, 0x39, 0xbe, 0xf1, 0xd1, 0x39, 0xa9, 0x00, 0x1a, 0x3a,
  0x9c, 0x5d, 0xb5, 0x39, 0x83, 0xd3, 0x56, 0x39, 0x15, 0xb9, 0x02, 0x3a,
  0x6b, 0x8b, 0xa1, 0x39, 0x54, 0x79, 0x76, 0x3a, 0x4a, 0x04, 0xeb, 0x39,
  0xdd, 0xe6, 0x52, 0x3a, 0xb5, 0x44, 0xff, 0x39, 0xd2, 0xc5, 0xd8, 0x39,
  0x33, 0x95, 0xd0, 0x39, 0x55, 0x67, 0xdb, 0x3a, 0xab, 0x00, 0x00, 0x00,
  0x64, 0x73, 0x5f, 0x63, 0x6e, 0x6e, 0x5f, 0x6b, 0x77, 0x73, 0x5f, 0x76,
  0x31, 0x38, 0x2f, 0x72, 0x65, 0x6c, 0x75, 0x34, 0x2f, 0x52, 0x65, 0x6c,
  0x75, 0x3b, 0x64, 0x73, 0x5f, 0x63, 0x6e, 0x6e, 0x5f, 0x6b, 0x77, 0x73,
  0x5f, 0x76, 0x31, 0x38, 0x2f, 0x62, 0x6e, 0x34, 0x2f, 0x46, 0x75, 0x73,
  0x65, 0x64, 0x42, 0x61, 0x74, 0x63, 0x68, 0x4e, 0x6f, 0x72, 0x6d, 0x56,
  0x33, 0x3b, 0x64, 0x73, 0x5f, 0x63, 0x6e, 0x6e, 0x5f, 0x6b, 0x77, 0x73,
  0x5f, 0x76, 0x31, 0x38, 0x2f, 0x64, 0x77, 0x63, 0x6f, 0x6e, 0x76, 0x34,
  0x2f, 0x64, 0x65, 0x70, 0x74, 0x68, 0x77, 0x69, 0x73, 0x65, 0x3b, 0x64,
  0x73, 0x5f, 0x63, 0x6e, 0x6e, 0x5f, 0x6b, 0x77, 0x73, 0x5f, 0x76, 0x31,
  0x38, 0x2f, 0x64, 0x77, 0x63, 0x6f, 0x6e, 0x76, 0x34, 0x2f, 0x42, 0x69,
  0x61, 0x73, 0x41, 0x64, 0x64, 0x3b, 0x64, 0x73, 0x5f, 0x63, 0x6e, 0x6e,
  0x5f, 0x6b, 0x77, 0x73, 0x5f, 0x76, 0x31, 0x38, 0x2f, 0x64, 0x77, 0x63,
  0x6f, 0x6e, 0x76, 0x34, 0x2f, 0x42, 0x69, 0x61, 0x73, 0x41, 0x64, 0x64,
  0x2f, 0x52, 0x65, 0x61, 0x64, 0x56, 0x61, 0x72, 0x69, 0x61, 0x62, 0x6c,
  0x65, 0x4f, 0x70, 0x00, 0x01, 0x00, 0x00, 0x00, 0x20, 0x00, 0x00, 0x00,
  0x4e, 0xf2, 0xff, 0xff, 0x00, 0x00, 0x00, 0x01, 0x14, 0x00, 0x00, 0x00,
  0x24, 0x06, 0x00, 0x00, 0x06, 0x00, 0x00, 0x00, 0x00, 0x00, 0x00, 0x09,
  0x3c, 0x06, 0x00, 0x00, 0xac, 0xf1, 0xff, 0xff, 0x08, 0x00, 0x00, 0x00,
  0x08, 0x04, 0x00, 0x00, 0x80, 0x00, 0x00, 0x00, 0x00, 0x00, 0x00, 0x00,
  0x00, 0x00, 0x00, 0x00, 0x00, 0x00, 0x00, 0x00, 0x00, 0x00, 0x00, 0x00,
  0x00, 0x00, 0x00, 0x00, 0x00, 0x00, 0x00, 0x00, 0x00, 0x00, 0x00, 0x00,
  0x00, 0x00, 0x00, 0x00, 0x00, 0x00, 0x00, 0x00, 0x00, 0x00, 0x00, 0x00,
  0x00, 0x00, 0x00, 0x00, 0x00, 0x00, 0x00, 0x00, 0x00, 0x00, 0x00, 0x00,
  0x00, 0x00, 0x00, 0x00, 0x00, 0x00, 0x00, 0x00, 0x00, 0x00, 0x00, 0x00,
  0x00, 0x00, 0x00, 0x00, 0x00, 0x00, 0x00, 0x00, 0x00, 0x00, 0x00, 0x00,
  0x00, 0x00, 0x00, 0x00, 0x00, 0x00, 0x00, 0x00, 0x00, 0x00, 0x00, 0x00,
  0x00, 0x00, 0x00, 0x00, 0x00, 0x00, 0x00, 0x00, 0x00, 0x00, 0x00, 0x00,
  0x00, 0x00, 0x00, 0x00, 0x00, 0x00, 0x00, 0x00, 0x00, 0x00, 0x00, 0x00,
  0x00, 0x00, 0x00, 0x00, 0x00, 0x00, 0x00, 0x00, 0x00, 0x00, 0x00, 0x00,
  0x00, 0x00, 0x00, 0x00, 0x00, 0x00, 0x00, 0x00, 0x00, 0x00, 0x00, 0x00,
  0x00, 0x00, 0x00, 0x00, 0x00, 0x00, 0x00, 0x00, 0x00, 0x00, 0x00, 0x00,
  0x00, 0x00, 0x00, 0x00, 0x00, 0x00, 0x00, 0x00, 0x00, 0x00, 0x00, 0x00,
  0x00, 0x00, 0x00, 0x00, 0x00, 0x00, 0x00, 0x00, 0x00, 0x00, 0x00, 0x00,
  0x00, 0x00, 0x00, 0x00, 0x00, 0x00, 0x00, 0x00, 0x00, 0x00, 0x00, 0x00,
  0x00, 0x00, 0x00, 0x00, 0x00, 0x00, 0x00, 0x00, 0x00, 0x00, 0x00, 0x00,
  0x00, 0x00, 0x00, 0x00, 0x00, 0x00, 0x00, 0x00, 0x00, 0x00, 0x00, 0x00,
  0x00, 0x00, 0x00, 0x00, 0x00, 0x00, 0x00, 0x00, 0x00, 0x00, 0x00, 0x00,
  0x00, 0x00, 0x00, 0x00, 0x00, 0x00, 0x00, 0x00, 0x00, 0x00, 0x00, 0x00,
  0x00, 0x00, 0x00, 0x00, 0x00, 0x00, 0x00, 0x00, 0x00, 0x00, 0x00, 0x00,
  0x00, 0x00, 0x00, 0x00, 0x00, 0x00, 0x00, 0x00, 0x00, 0x00, 0x00, 0x00,
  0x00, 0x00, 0x00, 0x00, 0x00, 0x00, 0x00, 0x00, 0x00, 0x00, 0x00, 0x00,
  0x00, 0x00, 0x00, 0x00, 0x00, 0x00, 0x00, 0x00, 0x00, 0x00, 0x00, 0x00,
  0x00, 0x00, 0x00, 0x00, 0x00, 0x00, 0x00, 0x00, 0x00, 0x00, 0x00, 0x00,
  0x00, 0x00, 0x00, 0x00, 0x00, 0x00, 0x00, 0x00, 0x00, 0x00, 0x00, 0x00,
  0x00, 0x00, 0x00, 0x00, 0x00, 0x00, 0x00, 0x00, 0x00, 0x00, 0x00, 0x00,
  0x00, 0x00, 0x00, 0x00, 0x00, 0x00, 0x00, 0x00, 0x00, 0x00, 0x00, 0x00,
  0x00, 0x00, 0x00, 0x00, 0x00, 0x00, 0x00, 0x00, 0x00, 0x00, 0x00, 0x00,
  0x00, 0x00, 0x00, 0x00, 0x00, 0x00, 0x00, 0x00, 0x00, 0x00, 0x00, 0x00,
  0x00, 0x00, 0x00, 0x00, 0x00, 0x00, 0x00, 0x00, 0x00, 0x00, 0x00, 0x00,
  0x00, 0x00, 0x00, 0x00, 0x00, 0x00, 0x00, 0x00, 0x00, 0x00, 0x00, 0x00,
  0x00, 0x00, 0x00, 0x00, 0x00, 0x00, 0x00, 0x00, 0x00, 0x00, 0x00, 0x00,
  0x00, 0x00, 0x00, 0x00, 0x00, 0x00, 0x00, 0x00, 0x00, 0x00, 0x00, 0x00,
  0x00, 0x00, 0x00, 0x00, 0x00, 0x00, 0x00, 0x00, 0x00, 0x00, 0x00, 0x00,
  0x00, 0x00, 0x00, 0x00, 0x00, 0x00, 0x00, 0x00, 0x00, 0x00, 0x00, 0x00,
  0x00, 0x00, 0x00, 0x00, 0x00, 0x00, 0x00, 0x00, 0x00, 0x00, 0x00, 0x00,
  0x00, 0x00, 0x00, 0x00, 0x00, 0x00, 0x00, 0x00, 0x00, 0x00, 0x00, 0x00,
  0x00, 0x00, 0x00, 0x00, 0x00, 0x00, 0x00, 0x00, 0x00, 0x00, 0x00, 0x00,
  0x00, 0x00, 0x00, 0x00, 0x00, 0x00, 0x00, 0x00, 0x00, 0x00, 0x00, 0x00,
  0x00, 0x00, 0x00, 0x00, 0x00, 0x00, 0x00, 0x00, 0x00, 0x00, 0x00, 0x00,
  0x00, 0x00, 0x00, 0x00, 0x00, 0x00, 0x00, 0x00, 0x00, 0x00, 0x00, 0x00,
  0x00, 0x00, 0x00, 0x00, 0x00, 0x00, 0x00, 0x00, 0x00, 0x00, 0x00, 0x00,
  0x00, 0x00, 0x00, 0x00, 0x00, 0x00, 0x00, 0x00, 0x00, 0x00, 0x00, 0x00,
  0x00, 0x00, 0x00, 0x00, 0x00, 0x00, 0x00, 0x00, 0x00, 0x00, 0x00, 0x00,
  0x00, 0x00, 0x00, 0x00, 0x00, 0x00, 0x00, 0x00, 0x00, 0x00, 0x00, 0x00,
  0x00, 0x00, 0x00, 0x00, 0x00, 0x00, 0x00, 0x00, 0x00, 0x00, 0x00, 0x00,
  0x00, 0x00, 0x00, 0x00, 0x00, 0x00, 0x00, 0x00, 0x00, 0x00, 0x00, 0x00,
  0x00, 0x00, 0x00, 0x00, 0x00, 0x00, 0x00, 0x00, 0x00, 0x00, 0x00, 0x00,
  0x00, 0x00, 0x00, 0x00, 0x00, 0x00, 0x00, 0x00, 0x00, 0x00, 0x00, 0x00,
  0x00, 0x00, 0x00, 0x00, 0x00, 0x00, 0x00, 0x00, 0x00, 0x00, 0x00, 0x00,
  0x00, 0x00, 0x00, 0x00, 0x00, 0x00, 0x00, 0x00, 0x00, 0x00, 0x00, 0x00,
  0x00, 0x00, 0x00, 0x00, 0x00, 0x00, 0x00, 0x00, 0x00, 0x00, 0x00, 0x00,
  0x00, 0x00, 0x00, 0x00, 0x00, 0x00, 0x00, 0x00, 0x00, 0x00, 0x00, 0x00,
  0x00, 0x00, 0x00, 0x00, 0x00, 0x00, 0x00, 0x00, 0x00, 0x00, 0x00, 0x00,
  0x00, 0x00, 0x00, 0x00, 0x00, 0x00, 0x00, 0x00, 0x00, 0x00, 0x00, 0x00,
  0x00, 0x00, 0x00, 0x00, 0x00, 0x00, 0x00, 0x00, 0x00, 0x00, 0x00, 0x00,
  0x00, 0x00, 0x00, 0x00, 0x00, 0x00, 0x00, 0x00, 0x00, 0x00, 0x00, 0x00,
  0x00, 0x00, 0x00, 0x00, 0x00, 0x00, 0x00, 0x00, 0x00, 0x00, 0x00, 0x00,
  0x00, 0x00, 0x00, 0x00, 0x00, 0x00, 0x00, 0x00, 0x00, 0x00, 0x00, 0x00,
  0x00, 0x00, 0x00, 0x00, 0x00, 0x00, 0x00, 0x00, 0x00, 0x00, 0x00, 0x00,
  0x00, 0x00, 0x00, 0x00, 0x00, 0x00, 0x00, 0x00, 0x00, 0x00, 0x00, 0x00,
  0x00, 0x00, 0x00, 0x00, 0x00, 0x00, 0x00, 0x00, 0x00, 0x00, 0x00, 0x00,
  0x00, 0x00, 0x00, 0x00, 0x00, 0x00, 0x00, 0x00, 0x00, 0x00, 0x00, 0x00,
  0x00, 0x00, 0x00, 0x00, 0x00, 0x00, 0x00, 0x00, 0x00, 0x00, 0x00, 0x00,
  0x00, 0x00, 0x00, 0x00, 0x00, 0x00, 0x00, 0x00, 0x00, 0x00, 0x00, 0x00,
  0x00, 0x00, 0x00, 0x00, 0x00, 0x00, 0x00, 0x00, 0x00, 0x00, 0x00, 0x00,
  0x00, 0x00, 0x00, 0x00, 0x00, 0x00, 0x00, 0x00, 0x00, 0x00, 0x00, 0x00,
  0x00, 0x00, 0x00, 0x00, 0x00, 0x00, 0x00, 0x00, 0x00, 0x00, 0x00, 0x00,
  0x00, 0x00, 0x00, 0x00, 0x00, 0x00, 0x00, 0x00, 0x00, 0x00, 0x00, 0x00,
  0x00, 0x00, 0x00, 0x00, 0x00, 0x00, 0x00, 0x00, 0x00, 0x00, 0x00, 0x00,
  0x00, 0x00, 0x00, 0x00, 0x00, 0x00, 0x00, 0x00, 0x00, 0x00, 0x00, 0x00,
  0x00, 0x00, 0x00, 0x00, 0x00, 0x00, 0x00, 0x00, 0x00, 0x00, 0x00, 0x00,
  0x00, 0x00, 0x00, 0x00, 0x00, 0x00, 0x00, 0x00, 0x00, 0x00, 0x00, 0x00,
  0x00, 0x00, 0x00, 0x00, 0x00, 0x00, 0x00, 0x00, 0x00, 0x00, 0x00, 0x00,
  0x00, 0x00, 0x00, 0x00, 0x00, 0x00, 0x00, 0x00, 0x00, 0x00, 0x00, 0x00,
  0x00, 0x00, 0x00, 0x00, 0x00, 0x00, 0x00, 0x00, 0x00, 0x00, 0x00, 0x00,
  0x00, 0x00, 0x00, 0x00, 0x00, 0x00, 0x00, 0x00, 0x00, 0x00, 0x00, 0x00,
  0x00, 0x00, 0x00, 0x00, 0x00, 0x00, 0x00, 0x00, 0x00, 0x00, 0x00, 0x00,
  0x00, 0x00, 0x00, 0x00, 0x00, 0x00, 0x00, 0x00, 0x00, 0x00, 0x00, 0x00,
  0x00, 0x00, 0x00, 0x00, 0x00, 0x00, 0x00, 0x00, 0x00, 0x00, 0x00, 0x00,
  0x00, 0x00, 0x00, 0x00, 0x00, 0x00, 0x00, 0x00, 0x00, 0x00, 0x00, 0x00,
  0x00, 0x00, 0x00, 0x00, 0x00, 0x00, 0x00, 0x00, 0x00, 0x00, 0x00, 0x00,
  0x00, 0x00, 0x00, 0x00, 0x00, 0x00, 0x00, 0x00, 0x00, 0x00, 0x00, 0x00,
  0x00, 0x00, 0x00, 0x00, 0x00, 0x00, 0x00, 0x00, 0x00, 0x00, 0x00, 0x00,
  0x00, 0x00, 0x00, 0x00, 0x00, 0x00, 0x00, 0x00, 0x00, 0x00, 0x00, 0x00,
  0x80, 0x00, 0x00, 0x00, 0xa3, 0xf5, 0x6b, 0x3b, 0xbf, 0x77, 0x88, 0x3b,
  0xc9, 0xc4, 0xab, 0x3b, 0x08, 0x27, 0xcc, 0x3b, 0x2a, 0x4c, 0x6a, 0x3b,
  0x73, 0x71, 0x80, 0x3b, 0x16, 0x43, 0x9d, 0x3b, 0x5f, 0xd1, 0xae, 0x3b,
  0xf4, 0xee, 0x24, 0x3b, 0x68, 0x9b, 0x31, 0x3b, 0x88, 0xe6, 0xa1, 0x3b,
  0xcc, 0x68, 0x96, 0x3b, 0x9f, 0x9f, 0xb4, 0x3b, 0x85, 0xc3, 0xe6, 0x3b,
  0x81, 0x0e, 0x90, 0x3b, 0xf3, 0x95, 0x26, 0x3b, 0x1f, 0x39, 0xf0, 0x3b,
  0xbd, 0xa9, 0xe6, 0x3a, 0x90, 0x80, 0x91, 0x3b, 0xb4, 0x62, 0xcf, 0x3b,
  0xb3, 0xd4, 0x56, 0x3b, 0xc5, 0x00, 0xcd, 0x3b, 0x6c, 0x20, 0x5b, 0x3b,
  0x21, 0x62, 0x08, 0x3c, 0x76, 0xe1, 0x5c, 0x3b, 0xcf, 0xb9, 0x40, 0x3b,
  0x9c, 0xc6, 0x75, 0x3b, 0x43, 0xfe, 0xc0, 0x3b, 0x56, 0xeb, 0x4c, 0x3b,
  0x6b, 0x43, 0x19, 0x3c, 0x44, 0xde, 0x94, 0x3b, 0x0b, 0xd3, 0x40, 0x3c,
  0x0e, 0x57, 0x7b, 0x3b, 0x5d, 0x41, 0xcb, 0x3b, 0x0e, 0xa1, 0x95, 0x3b,
  0x1e, 0x63, 0x74, 0x3b, 0xd6, 0x77, 0x97, 0x3b, 0x78, 0x6a, 0x53, 0x3b,
  0x69, 0x09, 0x21, 0x3b, 0x08, 0x6a, 0x58, 0x3b, 0xca, 0x14, 0xf4, 0x3b,
  0xa1, 0xe6, 0xc0, 0x3b, 0x0a, 0xae, 0x28, 0x3c, 0x9d, 0x7e, 0x39, 0x3c,
  0x19, 0xcc, 0x97, 0x3b, 0x69, 0x32, 0x91, 0x3b, 0xcf, 0xd5, 0x41, 0x3b,
  0x73, 0xe8, 0xa0, 0x3b, 0x88, 0x36, 0xa1, 0x3b, 0x1f, 0x58, 0x60, 0x3b,
  0x70, 0x66, 0x5a, 0x3b, 0x21, 0x26, 0x8e, 0x3b, 0xfa, 0x45, 0xca, 0x3b,
  0x38, 0xb2, 0x27, 0x3b, 0x86, 0xbc, 0x6e, 0x3b, 0x3d, 0x45, 0x07, 0x3c,
  0x11, 0xdb, 0x4f, 0x3b, 0xf4, 0x68, 0xb5, 0x3b, 0xa6, 0x1f, 0x93, 0x3b,
  0x4c, 0x0a, 0x8b, 0x3b, 0x48, 0x04, 0x3d, 0x3b, 0x57, 0x52, 0x85, 0x3b,
  0xd6, 0x79, 0x6f, 0x3b, 0x55, 0xc7, 0xcf, 0x3b, 0x2c, 0x0f, 0x92, 0x3b,
  0x2b, 0xe5, 0x47, 0x3b, 0x71, 0xc1, 0x39, 0x3b, 0x3f, 0x69, 0xa7, 0x3b,
  0x9f, 0xf9, 0x4e, 0x3b, 0x65, 0xe1, 0xaa, 0x3b, 0x85, 0x99, 0x95, 0x3b,
  0xf5, 0xbb, 0x5c, 0x3b, 0xd3, 0xdf, 0x4a, 0x3b, 0x55, 0x71, 0x83, 0x3b,
  0xa8, 0xaf, 0x27, 0x3c, 0x6d, 0x2a, 0xad, 0x3b, 0x7e, 0x71, 0x45, 0x3b,
  0xcb, 0xb1, 0x4a, 0x3b, 0x06, 0xb3, 0x80, 0x3b, 0x05, 0x73, 0x81, 0x3b,
  0x35, 0xd7, 0xc0, 0x3b, 0x44, 0xbb, 0xca, 0x3b, 0x28, 0x5f, 0x32, 0x3c,
  0xd7, 0xfc, 0xb1, 0x3b, 0xb8, 0x7d, 0x4a, 0x3b, 0xf0, 0x25, 0x92, 0x3b,
  0x7e, 0xf5, 0x40, 0x3b, 0x19, 0x6f, 0x71, 0x3b, 0x75, 0xd3, 0x9c, 0x3b,
  0xb2, 0x10, 0x05, 0x3c, 0xd5, 0x3c, 0x8a, 0x3b, 0x7e, 0x65, 0xd4, 0x3b,
  0x56, 0xe3, 0x31, 0x3c, 0x2d, 0x1e, 0xda, 0x3a, 0x1a, 0x23, 0x50, 0x3b,
  0x1b, 0x45, 0xaa, 0x3b, 0xfc, 0x11, 0x57, 0x3b, 0x97, 0xa4, 0x0a, 0x3c,
  0x2e, 0x9a, 0x01, 0x3c, 0x55, 0xa9, 0x72, 0x3b, 0xb4, 0x5b, 0x99, 0x3b,
  0x2e, 0xd3, 0x6f, 0x3b, 0xde, 0x1a, 0x6b, 0x3b, 0x7a, 0xc1, 0x67, 0x3b,
  0x3f, 0xf0, 0xde, 0x3b, 0x1f, 0xe4, 0x62, 0x3b, 0x0d, 0x25, 0x69, 0x3b,
  0x43, 0xf6, 0xa8, 0x3b, 0x14, 0x68, 0x85, 0x3b, 0xcf, 0xbe, 0xb5, 0x3b,
  0x4e, 0xb4, 0xb2, 0x3b, 0x42, 0xac, 0xa4, 0x3b, 0xa7, 0x4a, 0x65, 0x3b,
  0x58, 0x2f, 0x96, 0x3b, 0xc2, 0xc7, 0xa0, 0x3b, 0x94, 0x61, 0x89, 0x3b,
  0x90, 0xa5, 0x9e, 0x3b, 0x2d, 0xc5, 0x3b, 0x3b, 0xef, 0x81, 0x77, 0x3b,
  0x33, 0xd8, 0x4b, 0x3b, 0xec, 0x54, 0x7c, 0x3b, 0x5d, 0x55, 0x1b, 0x3c,
  0x57, 0xc4, 0xb4, 0x3b, 0xfe, 0xec, 0xe2, 0x3b, 0xf0, 0x7e, 0x88, 0x3b,
  0x1a, 0x50, 0x3e, 0x3b, 0xd6, 0x9b, 0x35, 0x3b, 0x33, 0x89, 0x3c, 0x3b,
  0x1c, 0x00, 0x00, 0x00, 0x64, 0x73, 0x5f, 0x63, 0x6e, 0x6e, 0x5f, 0x6b,
  0x77, 0x73, 0x5f, 0x76, 0x31, 0x38, 0x2f, 0x64, 0x65, 0x6e, 0x73, 0x65,
  0x31, 0x2f, 0x4d, 0x61, 0x74, 0x4d, 0x75, 0x6c, 0x00, 0x00, 0x00, 0x00,
  0x02, 0x00, 0x00, 0x00, 0x80, 0x00, 0x00, 0x00, 0x20, 0x00, 0x00, 0x00,
  0xae, 0xf8, 0xff, 0xff, 0x00, 0x00, 0x00, 0x01, 0x14, 0x00, 0x00, 0x00,
  0x24, 0x06, 0x00, 0x00, 0x05, 0x00, 0x00, 0x00, 0x00, 0x00, 0x00, 0x02,
  0x58, 0x06, 0x00, 0x00, 0x0c, 0xf8, 0xff, 0xff, 0x08, 0x00, 0x00, 0x00,
  0x08, 0x04, 0x00, 0x00, 0x80, 0x00, 0x00, 0x00, 0x00, 0x00, 0x00, 0x00,
  0x00, 0x00, 0x00, 0x00, 0x00, 0x00, 0x00, 0x00, 0x00, 0x00, 0x00, 0x00,
  0x00, 0x00, 0x00, 0x00, 0x00, 0x00, 0x00, 0x00, 0x00, 0x00, 0x00, 0x00,
  0x00, 0x00, 0x00, 0x00, 0x00, 0x00, 0x00, 0x00, 0x00, 0x00, 0x00, 0x00,
  0x00, 0x00, 0x00, 0x00, 0x00, 0x00, 0x00, 0x00, 0x00, 0x00, 0x00, 0x00,
  0x00, 0x00, 0x00, 0x00, 0x00, 0x00, 0x00, 0x00, 0x00, 0x00, 0x00, 0x00,
  0x00, 0x00, 0x00, 0x00, 0x00, 0x00, 0x00, 0x00, 0x00, 0x00, 0x00, 0x00,
  0x00, 0x00, 0x00, 0x00, 0x00, 0x00, 0x00, 0x00, 0x00, 0x00, 0x00, 0x00,
  0x00, 0x00, 0x00, 0x00, 0x00, 0x00, 0x00, 0x00, 0x00, 0x00, 0x00, 0x00,
  0x00, 0x00, 0x00, 0x00, 0x00, 0x00, 0x00, 0x00, 0x00, 0x00, 0x00, 0x00,
  0x00, 0x00, 0x00, 0x00, 0x00, 0x00, 0x00, 0x00, 0x00, 0x00, 0x00, 0x00,
  0x00, 0x00, 0x00, 0x00, 0x00, 0x00, 0x00, 0x00, 0x00, 0x00, 0x00, 0x00,
  0x00, 0x00, 0x00, 0x00, 0x00, 0x00, 0x00, 0x00, 0x00, 0x00, 0x00, 0x00,
  0x00, 0x00, 0x00, 0x00, 0x00, 0x00, 0x00, 0x00, 0x00, 0x00, 0x00, 0x00,
  0x00, 0x00, 0x00, 0x00, 0x00, 0x00, 0x00, 0x00, 0x00, 0x00, 0x00, 0x00,
  0x00, 0x00, 0x00, 0x00, 0x00, 0x00, 0x00, 0x00, 0x00, 0x00, 0x00, 0x00,
  0x00, 0x00, 0x00, 0x00, 0x00, 0x00, 0x00, 0x00, 0x00, 0x00, 0x00, 0x00,
  0x00, 0x00, 0x00, 0x00, 0x00, 0x00, 0x00, 0x00, 0x00, 0x00, 0x00, 0x00,
  0x00, 0x00, 0x00, 0x00, 0x00, 0x00, 0x00, 0x00, 0x00, 0x00, 0x00, 0x00,
  0x00, 0x00, 0x00, 0x00, 0x00, 0x00, 0x00, 0x00, 0x00, 0x00, 0x00, 0x00,
  0x00, 0x00, 0x00, 0x00, 0x00, 0x00, 0x00, 0x00, 0x00, 0x00, 0x00, 0x00,
  0x00, 0x00, 0x00, 0x00, 0x00, 0x00, 0x00, 0x00, 0x00, 0x00, 0x00, 0x00,
  0x00, 0x00, 0x00, 0x00, 0x00, 0x00, 0x00, 0x00, 0x00, 0x00, 0x00, 0x00,
  0x00, 0x00, 0x00, 0x00, 0x00, 0x00, 0x00, 0x00, 0x00, 0x00, 0x00, 0x00,
  0x00, 0x00, 0x00, 0x00, 0x00, 0x00, 0x00, 0x00, 0x00, 0x00, 0x00, 0x00,
  0x00, 0x00, 0x00, 0x00, 0x00, 0x00, 0x00, 0x00, 0x00, 0x00, 0x00, 0x00,
  0x00, 0x00, 0x00, 0x00, 0x00, 0x00, 0x00, 0x00, 0x00, 0x00, 0x00, 0x00,
  0x00, 0x00, 0x00, 0x00, 0x00, 0x00, 0x00, 0x00, 0x00, 0x00, 0x00, 0x00,
  0x00, 0x00, 0x00, 0x00, 0x00, 0x00, 0x00, 0x00, 0x00, 0x00, 0x00, 0x00,
  0x00, 0x00, 0x00, 0x00, 0x00, 0x00, 0x00, 0x00, 0x00, 0x00, 0x00, 0x00,
  0x00, 0x00, 0x00, 0x00, 0x00, 0x00, 0x00, 0x00, 0x00, 0x00, 0x00, 0x00,
  0x00, 0x00, 0x00, 0x00, 0x00, 0x00, 0x00, 0x00, 0x00, 0x00, 0x00, 0x00,
  0x00, 0x00, 0x00, 0x00, 0x00, 0x00, 0x00, 0x00, 0x00, 0x00, 0x00, 0x00,
  0x00, 0x00, 0x00, 0x00, 0x00, 0x00, 0x00, 0x00, 0x00, 0x00, 0x00, 0x00,
  0x00, 0x00, 0x00, 0x00, 0x00, 0x00, 0x00, 0x00, 0x00, 0x00, 0x00, 0x00,
  0x00, 0x00, 0x00, 0x00, 0x00, 0x00, 0x00, 0x00, 0x00, 0x00, 0x00, 0x00,
  0x00, 0x00, 0x00, 0x00, 0x00, 0x00, 0x00, 0x00, 0x00, 0x00, 0x00, 0x00,
  0x00, 0x00, 0x00, 0x00, 0x00, 0x00, 0x00, 0x00, 0x00, 0x00, 0x00, 0x00,
  0x00, 0x00, 0x00, 0x00, 0x00, 0x00, 0x00, 0x00, 0x00, 0x00, 0x00, 0x00,
  0x00, 0x00, 0x00, 0x00, 0x00, 0x00, 0x00, 0x00, 0x00, 0x00, 0x00, 0x00,
  0x00, 0x00, 0x00, 0x00, 0x00, 0x00, 0x00, 0x00, 0x00, 0x00, 0x00, 0x00,
  0x00, 0x00, 0x00, 0x00, 0x00, 0x00, 0x00, 0x00, 0x00, 0x00, 0x00, 0x00,
  0x00, 0x00, 0x00, 0x00, 0x00, 0x00, 0x00, 0x00, 0x00, 0x00, 0x00, 0x00,
  0x00, 0x00, 0x00, 0x00, 0x00, 0x00, 0x00, 0x00, 0x00, 0x00, 0x00, 0x00,
  0x00, 0x00, 0x00, 0x00, 0x00, 0x00, 0x00, 0x00, 0x00, 0x00, 0x00, 0x00,
  0x00, 0x00, 0x00, 0x00, 0x00, 0x00, 0x00, 0x00, 0x00, 0x00, 0x00, 0x00,
  0x00, 0x00, 0x00, 0x00, 0x00, 0x00, 0x00, 0x00, 0x00, 0x00, 0x00, 0x00,
  0x00, 0x00, 0x00, 0x00, 0x00, 0x00, 0x00, 0x00, 0x00, 0x00, 0x00, 0x00,
  0x00, 0x00, 0x00, 0x00, 0x00, 0x00, 0x00, 0x00, 0x00, 0x00, 0x00, 0x00,
  0x00, 0x00, 0x00, 0x00, 0x00, 0x00, 0x00, 0x00, 0x00, 0x00, 0x00, 0x00,
  0x00, 0x00, 0x00, 0x00, 0x00, 0x00, 0x00, 0x00, 0x00, 0x00, 0x00, 0x00,
  0x00, 0x00, 0x00, 0x00, 0x00, 0x00, 0x00, 0x00, 0x00, 0x00, 0x00, 0x00,
  0x00, 0x00, 0x00, 0x00, 0x00, 0x00, 0x00, 0x00, 0x00, 0x00, 0x00, 0x00,
  0x00, 0x00, 0x00, 0x00, 0x00, 0x00, 0x00, 0x00, 0x00, 0x00, 0x00, 0x00,
  0x00, 0x00, 0x00, 0x00, 0x00, 0x00, 0x00, 0x00, 0x00, 0x00, 0x00, 0x00,
  0x00, 0x00, 0x00, 0x00, 0x00, 0x00, 0x00, 0x00, 0x00, 0x00, 0x00, 0x00,
  0x00, 0x00, 0x00, 0x00, 0x00, 0x00, 0x00, 0x00, 0x00, 0x00, 0x00, 0x00,
  0x00, 0x00, 0x00, 0x00, 0x00, 0x00, 0x00, 0x00, 0x00, 0x00, 0x00, 0x00,
  0x00, 0x00, 0x00, 0x00, 0x00, 0x00, 0x00, 0x00, 0x00, 0x00, 0x00, 0x00,
  0x00, 0x00, 0x00, 0x00, 0x00, 0x00, 0x00, 0x00, 0x00, 0x00, 0x00, 0x00,
  0x00, 0x00, 0x00, 0x00, 0x00, 0x00, 0x00, 0x00, 0x00, 0x00, 0x00, 0x00,
  0x00, 0x00, 0x00, 0x00, 0x00, 0x00, 0x00, 0x00, 0x00, 0x00, 0x00, 0x00,
  0x00, 0x00, 0x00, 0x00, 0x00, 0x00, 0x00, 0x00, 0x00, 0x00, 0x00, 0x00,
  0x00, 0x00, 0x00, 0x00, 0x00, 0x00, 0x00, 0x00, 0x00, 0x00, 0x00, 0x00,
  0x00, 0x00, 0x00, 0x00, 0x00, 0x00, 0x00, 0x00, 0x00, 0x00, 0x00, 0x00,
  0x00, 0x00, 0x00, 0x00, 0x00, 0x00, 0x00, 0x00, 0x00, 0x00, 0x00, 0x00,
  0x00, 0x00, 0x00, 0x00, 0x00, 0x00, 0x00, 0x00, 0x00, 0x00, 0x00, 0x00,
  0x00, 0x00, 0x00, 0x00, 0x00, 0x00, 0x00, 0x00, 0x00, 0x00, 0x00, 0x00,
  0x00, 0x00, 0x00, 0x00, 0x00, 0x00, 0x00, 0x00, 0x00, 0x00, 0x00, 0x00,
  0x00, 0x00, 0x00, 0x00, 0x00, 0x00, 0x00, 0x00, 0x00, 0x00, 0x00, 0x00,
  0x00, 0x00, 0x00, 0x00, 0x00, 0x00, 0x00, 0x00, 0x00, 0x00, 0x00, 0x00,
  0x00, 0x00, 0x00, 0x00, 0x00, 0x00, 0x00, 0x00, 0x00, 0x00, 0x00, 0x00,
  0x00, 0x00, 0x00, 0x00, 0x00, 0x00, 0x00, 0x00, 0x00, 0x00, 0x00, 0x00,
  0x00, 0x00, 0x00, 0x00, 0x00, 0x00, 0x00, 0x00, 0x00, 0x00, 0x00, 0x00,
  0x00, 0x00, 0x00, 0x00, 0x00, 0x00, 0x00, 0x00, 0x00, 0x00, 0x00, 0x00,
  0x00, 0x00, 0x00, 0x00, 0x00, 0x00, 0x00, 0x00, 0x00, 0x00, 0x00, 0x00,
  0x00, 0x00, 0x00, 0x00, 0x00, 0x00, 0x00, 0x00, 0x00, 0x00, 0x00, 0x00,
  0x00, 0x00, 0x00, 0x00, 0x00, 0x00, 0x00, 0x00, 0x00, 0x00, 0x00, 0x00,
  0x00, 0x00, 0x00, 0x00, 0x00, 0x00, 0x00, 0x00, 0x00, 0x00, 0x00, 0x00,
  0x00, 0x00, 0x00, 0x00, 0x00, 0x00, 0x00, 0x00, 0x00, 0x00, 0x00, 0x00,
  0x00, 0x00, 0x00, 0x00, 0x00, 0x00, 0x00, 0x00, 0x00, 0x00, 0x00, 0x00,
  0x00, 0x00, 0x00, 0x00, 0x00, 0x00, 0x00, 0x00, 0x00, 0x00, 0x00, 0x00,
  0x00, 0x00, 0x00, 0x00, 0x00, 0x00, 0x00, 0x00, 0x00, 0x00, 0x00, 0x00,
  0x00, 0x00, 0x00, 0x00, 0x00, 0x00, 0x00, 0x00, 0x00, 0x00, 0x00, 0x00,
  0x00, 0x00, 0x00, 0x00, 0x00, 0x00, 0x00, 0x00, 0x00, 0x00, 0x00, 0x00,
  0x00, 0x00, 0x00, 0x00, 0x00, 0x00, 0x00, 0x00, 0x00, 0x00, 0x00, 0x00,
  0x80, 0x00, 0x00, 0x00, 0xd5, 0x2d, 0x50, 0x38, 0x3c, 0xcd, 0x70, 0x38,
  0xb0, 0x8b, 0x97, 0x38, 0xe3, 0x1d, 0xb4, 0x38, 0x74, 0xb6, 0x4e, 0x38,
  0x5c, 0xa4, 0x62, 0x38, 0x38, 0xbf, 0x8a, 0x38, 0x5f, 0x3c, 0x9a, 0x38,
  0xdf, 0x83, 0x11, 0x38, 0x57, 0xb2, 0x1c, 0x38, 0xdc, 0xd6, 0x8e, 0x38,
  0x78, 0xb3, 0x84, 0x38, 0xa4, 0x5b, 0x9f, 0x38, 0x50, 0x98, 0xcb, 0x38,
  0x4a, 0x31, 0x7e, 0x38, 0x11, 0xf9, 0x12, 0x38, 0xd0, 0xf0, 0xd3, 0x38,
  0x92, 0x81, 0xcb, 0x37, 0x23, 0x5f, 0x80, 0x38, 0x1d, 0xf8, 0xb6, 0x38,
  0xb6, 0x89, 0x3d, 0x38, 0xfe, 0xdd, 0xb4, 0x38, 0xf5, 0x53, 0x41, 0x38,
  0x17, 0xa7, 0xf0, 0x38, 0x21, 0xe0, 0x42, 0x38, 0x10, 0x09, 0x2a, 0x38,
  0xf1, 0xd6, 0x58, 0x38, 0x75, 0x45, 0xaa, 0x38, 0x15, 0xcb, 0x34, 0x38,
  0x12, 0x38, 0x07, 0x39, 0x63, 0x57, 0x83, 0x38, 0x54, 0x1f, 0x2a, 0x39,
  0xae, 0xbf, 0x5d, 0x38, 0x43, 0x53, 0xb3, 0x38, 0x3e, 0x03, 0x84, 0x38,
  0x4e, 0x9d, 0x57, 0x38, 0x99, 0xa2, 0x85, 0x38, 0x68, 0x86, 0x3a, 0x38,
  0xc6, 0x13, 0x0e, 0x38, 0x52, 0xef, 0x3e, 0x38, 0x32, 0x58, 0xd7, 0x38,
  0x9c, 0x30, 0xaa, 0x38, 0x0a, 0xd2, 0x14, 0x39, 0xd1, 0xa7, 0x23, 0x39,
  0xf0, 0xec, 0x85, 0x38, 0x2f, 0x1a, 0x80, 0x38, 0xa1, 0x03, 0x2b, 0x38,
  0xb1, 0xf6, 0x8d, 0x38, 0x95, 0x3b, 0x8e, 0x38, 0x66, 0xee, 0x45, 0x38,
  0xdf, 0xaf, 0x40, 0x38, 0x8a, 0xd3, 0x7a, 0x38, 0x78, 0x75, 0xb2, 0x38,
  0xde, 0xf3, 0x13, 0x38, 0x06, 0xa1, 0x52, 0x38, 0x64, 0xb0, 0xee, 0x38,
  0x4f, 0x62, 0x37, 0x38, 0x45, 0x0d, 0xa0, 0x38, 0x5a, 0xcd, 0x81, 0x38,
  0x44, 0x57, 0x75, 0x38, 0x54, 0xc3, 0x26, 0x38, 0x11, 0x40, 0x6b, 0x38,
  0x0c, 0x48, 0x53, 0x38, 0xe6, 0x50, 0xb7, 0x38, 0xf4, 0xdc, 0x80, 0x38,
  0x57, 0x5c, 0x30, 0x38, 0xc7, 0xe2, 0x23, 0x38, 0x7c, 0xb3, 0x93, 0x38,
  0x68, 0x9b, 0x36, 0x38, 0x12, 0xc3, 0x96, 0x38, 0x98, 0xfc, 0x83, 0x38,
  0x0b, 0xbf, 0x42, 0x38, 0x34, 0xfd, 0x32, 0x38, 0x50, 0xef, 0x67, 0x38,
  0x9b, 0xf1, 0x13, 0x39, 0x39, 0xc7, 0x98, 0x38, 0x90, 0x32, 0x2e, 0x38,
  0x98, 0xd4, 0x32, 0x38, 0x11, 0x18, 0x63, 0x38, 0xda, 0x6a, 0x64, 0x38,
  0x00, 0x23, 0xaa, 0x38, 0xf3, 0xdc, 0xb2, 0x38, 0x0b, 0x5f, 0x1d, 0x39,
  0x4e, 0x08, 0x9d, 0x38, 0xa6, 0xa6, 0x32, 0x38, 0x0a, 0xf1, 0x80, 0x38,
  0xb9, 0x3d, 0x2a, 0x38, 0x4b, 0x02, 0x55, 0x38, 0xbb, 0x5c, 0x8a, 0x38,
  0x3c, 0xcc, 0xea, 0x38, 0xb8, 0xec, 0x73, 0x38, 0xe0, 0x63, 0xbb, 0x38,
  0xcd, 0xf1, 0x1c, 0x39, 0x1e, 0x70, 0xc0, 0x37, 0xdd, 0xa1, 0x37, 0x38,
  0x2e, 0x39, 0x96, 0x38, 0xc8, 0xbf, 0x3d, 0x38, 0xcd, 0xa3, 0xf4, 0x38,
  0xf3, 0xaf, 0xe4, 0x38, 0x88, 0x17, 0x56, 0x38, 0x7f, 0x4d, 0x87, 0x38,
  0xdf, 0x96, 0x53, 0x38, 0xd2, 0x6c, 0x4f, 0x38, 0x5f, 0x78, 0x4c, 0x38,
  0xe5, 0xb0, 0xc4, 0x38, 0xa3, 0x2d, 0x48, 0x38, 0x15, 0xb2, 0x4d, 0x38,
  0xc2, 0x11, 0x95, 0x38, 0x6d, 0x66, 0x6b, 0x38, 0x04, 0x59, 0xa0, 0x38,
  0x2b, 0xaa, 0x9d, 0x38, 0x07, 0x49, 0x91, 0x38, 0xd1, 0x4b, 0x4a, 0x38,
  0xc7, 0x80, 0x84, 0x38, 0xd9, 0xd9, 0x8d, 0x38, 0xd6, 0x69, 0x72, 0x38,
  0xf6, 0xf7, 0x8b, 0x38, 0xcb, 0xa9, 0x25, 0x38, 0x12, 0x5e, 0x5a, 0x38,
  0x56, 0xd8, 0x33, 0x38, 0xa9, 0x9f, 0x5e, 0x38, 0x9f, 0x0b, 0x09, 0x39,
  0x09, 0x7c, 0x9f, 0x38, 0x77, 0x35, 0xc8, 0x38, 0xec, 0xd9, 0x70, 0x38,
  0x15, 0xe8, 0x27, 0x38, 0x29, 0x3a, 0x20, 0x38, 0xbd, 0x56, 0x26, 0x38,
  0x38, 0x00, 0x00, 0x00, 0x64, 0x73, 0x5f, 0x63, 0x6e, 0x6e, 0x5f, 0x6b,
  0x77, 0x73, 0x5f, 0x76, 0x31, 0x38, 0x2f, 0x64, 0x65, 0x6e, 0x73, 0x65,
  0x31, 0x2f, 0x52, 0x65, 0x6c, 0x75, 0x3b, 0x64, 0x73, 0x5f, 0x63, 0x6e,
  0x6e, 0x5f, 0x6b, 0x77, 0x73, 0x5f, 0x76, 0x31, 0x38, 0x2f, 0x64, 0x65,
  0x6e, 0x73, 0x65, 0x31, 0x2f, 0x42, 0x69, 0x61, 0x73, 0x41, 0x64, 0x64,
  0x00, 0x00, 0x00, 0x00, 0x01, 0x00, 0x00, 0x00, 0x80, 0x00, 0x00, 0x00,
  0x26, 0xff, 0xff, 0xff, 0x00, 0x00, 0x00, 0x01, 0x14, 0x00, 0x00, 0x00,
  0x34, 0x00, 0x00, 0x00, 0x04, 0x00, 0x00, 0x00, 0x00, 0x00, 0x00, 0x09,
  0x4c, 0x00, 0x00, 0x00, 0x84, 0xfe, 0xff, 0xff, 0x08, 0x00, 0x00, 0x00,
  0x14, 0x00, 0x00, 0x00, 0x01, 0x00, 0x00, 0x00, 0x00, 0x00, 0x00, 0x00,
  0x00, 0x00, 0x00, 0x00, 0x00, 0x00, 0x00, 0x00, 0x01, 0x00, 0x00, 0x00,
  0x64, 0x6a, 0x71, 0x3c, 0x1d, 0x00, 0x00, 0x00, 0x64, 0x73, 0x5f, 0x63,
  0x6e, 0x6e, 0x5f, 0x6b, 0x77, 0x73, 0x5f, 0x76, 0x31, 0x38, 0x2f, 0x73,
  0x69, 0x67, 0x6d, 0x6f, 0x69, 0x64, 0x2f, 0x4d, 0x61, 0x74, 0x4d, 0x75,
  0x6c, 0x00, 0x00, 0x00, 0x02, 0x00, 0x00, 0x00, 0x01, 0x00, 0x00, 0x00,
  0x80, 0x00, 0x00, 0x00, 0x96, 0xff, 0xff, 0xff, 0x00, 0x00, 0x00, 0x01,
  0x14, 0x00, 0x00, 0x00, 0x30, 0x00, 0x00, 0x00, 0x03, 0x00, 0x00, 0x00,
  0x00, 0x00, 0x00, 0x02, 0x48, 0x00, 0x00, 0x00, 0xf4, 0xfe, 0xff, 0xff,
  0x08, 0x00, 0x00, 0x00, 0x10, 0x00, 0x00, 0x00, 0x01, 0x00, 0x00, 0x00,
  0x00, 0x00, 0x00, 0x00, 0x00, 0x00, 0x00, 0x00, 0x01, 0x00, 0x00, 0x00,
  0x65, 0x39, 0xdf, 0x38, 0x1e, 0x00, 0x00, 0x00, 0x64, 0x73, 0x5f, 0x63,
  0x6e, 0x6e, 0x5f, 0x6b, 0x77, 0x73, 0x5f, 0x76, 0x31, 0x38, 0x2f, 0x73,
  0x69, 0x67, 0x6d, 0x6f, 0x69, 0x64, 0x2f, 0x42, 0x69, 0x61, 0x73, 0x41,
  0x64, 0x64, 0x00, 0x00, 0x01, 0x00, 0x00, 0x00, 0x01, 0x00, 0x00, 0x00,
  0x00, 0x00, 0x16, 0x00, 0x1c, 0x00, 0x18, 0x00, 0x17, 0x00, 0x10, 0x00,
  0x0c, 0x00, 0x08, 0x00, 0x00, 0x00, 0x00, 0x00, 0x00, 0x00, 0x07, 0x00,
  0x16, 0x00, 0x00, 0x00, 0x00, 0x00, 0x00, 0x01, 0x18, 0x00, 0x00, 0x00,
  0x18, 0x00, 0x00, 0x00, 0x02, 0x00, 0x00, 0x00, 0x00, 0x00, 0x00, 0x02,
  0x3c, 0x00, 0x00, 0x00, 0x04, 0x00, 0x04, 0x00, 0x04, 0x00, 0x00, 0x00,
  0x29, 0x00, 0x00, 0x00, 0x64, 0x73, 0x5f, 0x63, 0x6e, 0x6e, 0x5f, 0x6b,
  0x77, 0x73, 0x5f, 0x76, 0x31, 0x38, 0x2f, 0x67, 0x61, 0x70, 0x2f, 0x4d,
  0x65, 0x61, 0x6e, 0x2f, 0x72, 0x65, 0x64, 0x75, 0x63, 0x74, 0x69, 0x6f,
  0x6e, 0x5f, 0x69, 0x6e, 0x64, 0x69, 0x63, 0x65, 0x73, 0x00, 0x00, 0x00,
  0x01, 0x00, 0x00, 0x00, 0x02, 0x00, 0x00, 0x00, 0x00, 0x00, 0x16, 0x00,
  0x20, 0x00, 0x1c, 0x00, 0x1b, 0x00, 0x14, 0x00, 0x10, 0x00, 0x0c, 0x00,
  0x00, 0x00, 0x00, 0x00, 0x08, 0x00, 0x07, 0x00, 0x16, 0x00, 0x00, 0x00,
  0x00, 0x00, 0x00, 0x01, 0x18, 0x00, 0x00, 0x00, 0x34, 0x00, 0x00, 0x00,
  0x54, 0x00, 0x00, 0x00, 0x01, 0x00, 0x00, 0x00, 0x00, 0x00, 0x00, 0x09,
  0x64, 0x00, 0x00, 0x00, 0x04, 0x00, 0x00, 0x00, 0xff, 0xff, 0xff, 0xff,
  0x31, 0x00, 0x00, 0x00, 0x0c, 0x00, 0x00, 0x00, 0x01, 0x00, 0x00, 0x00,
  0x0c, 0x00, 0x0c, 0x00, 0x00, 0x00, 0x00, 0x00, 0x08, 0x00, 0x04, 0x00,
  0x0c, 0x00, 0x00, 0x00, 0x08, 0x00, 0x00, 0x00, 0x14, 0x00, 0x00, 0x00,
  0x01, 0x00, 0x00, 0x00, 0xff, 0xff, 0xff, 0xff, 0xff, 0xff, 0xff, 0xff,
  0x00, 0x00, 0x00, 0x00, 0x01, 0x00, 0x00, 0x00, 0x81, 0x80, 0x00, 0x3d,
  0x17, 0x00, 0x00, 0x00, 0x73, 0x65, 0x72, 0x76, 0x69, 0x6e, 0x67, 0x5f,
  0x64, 0x65, 0x66, 0x61, 0x75, 0x6c, 0x74, 0x5f, 0x69, 0x6e, 0x70, 0x75,
  0x74, 0x3a, 0x30, 0x00, 0x04, 0x00, 0x00, 0x00, 0x01, 0x00, 0x00, 0x00,
  0x31, 0x00, 0x00, 0x00, 0x0c, 0x00, 0x00, 0x00, 0x01, 0x00, 0x00, 0x00,
  0x05, 0x00, 0x00, 0x00, 0x60, 0x00, 0x00, 0x00, 0x40, 0x00, 0x00, 0x00,
  0x2c, 0x00, 0x00, 0x00, 0x18, 0x00, 0x00, 0x00, 0x04, 0x00, 0x00, 0x00,
  0xc0, 0xff, 0xff, 0xff, 0x0e, 0x00, 0x00, 0x00, 0x02, 0x00, 0x00, 0x00,
  0x00, 0x00, 0x00, 0x0e, 0xd0, 0xff, 0xff, 0xff, 0x09, 0x00, 0x00, 0x00,
  0x04, 0x00, 0x00, 0x00, 0x00, 0x00, 0x00, 0x09, 0xe0, 0xff, 0xff, 0xff,
  0x28, 0x00, 0x00, 0x00, 0x02, 0x00, 0x00, 0x00, 0x00, 0x00, 0x00, 0x28,
  0xf0, 0xff, 0xff, 0xff, 0x04, 0x00, 0x00, 0x00, 0x03, 0x00, 0x00, 0x00,
  0x00, 0x00, 0x00, 0x04, 0x0c, 0x00, 0x10, 0x00, 0x0f, 0x00, 0x00, 0x00,
  0x08, 0x00, 0x04, 0x00, 0x0c, 0x00, 0x00, 0x00, 0x03, 0x00, 0x00, 0x00,
  0x03, 0x00, 0x00, 0x00, 0x00, 0x00, 0x00, 0x03,
};
const unsigned int model_data_len = 18344;

#define g_model_data model_data
#define g_model_data_len model_data_len

#endif
